ID,Kernel Name,Compute throughput,SM,Memory throughput,DRAM throughput,Achieved occupancy,Maximum occupancy,L1 hit rate,L2 hit rate
0,layer_norm_grad_input_kernel,51.68,132,64.90,61.52,89.79,100,79.58,37.60
1,GammaBetaBackwardCUDAKernel_32x32,9.36,132,35.12,35.12,50.20,100,0.09,4.94
2,vectorized_elementwise_kernel,0.01,132,8.47,0.06,6.19,100,0,99.06
3,vectorized_elementwise_kernel,0.02,132,10.43,0.07,6.68,100,0,99.07
4,vectorized_elementwise_kernel,15.09,132,66.30,66.30,82.48,100,0,47.56
5,sm80_xmma_gemm_f32f32_f32f32_f32_tn_n_tilesize128x128x8_stage3_warpsize2x2x1_ffma_aligna4_alignc4_execute_kernel__5x_cublas,86.16,132,67.37,7.73,12.45,12.50,12.69,89.18
6,Kernel,85.35,132,35.58,6.23,12.47,12.50,7.08,71.65
7,reduce_kernel,7.82,132,30.27,30.27,36.85,56.25,7.39,11.43
8,vectorized_elementwise_kernel,0.02,132,9.80,0.06,6.77,100,0,99.17
9,vectorized_elementwise_kernel,9.72,132,35.75,35.75,73.61,100,0,52.77
10,vectorized_elementwise_kernel,9.89,132,89.21,89.21,87.46,100,0,37.27
11,vectorized_elementwise_kernel,9.88,132,88.90,88.90,87.80,100,0,36.75
12,vectorized_elementwise_kernel,9.81,132,88.55,88.55,87.15,100,0,37.06
13,vectorized_elementwise_kernel,11.57,132,82.20,82.20,82.53,100,0,52.95
14,vectorized_elementwise_kernel,11.78,132,84.05,84.05,83.36,100,0,52.50
15,vectorized_elementwise_kernel,11.79,132,83.80,83.80,84.80,100,0,52.35
16,vectorized_elementwise_kernel,11.75,132,83.52,83.52,84.12,100,0,53.22
17,vectorized_elementwise_kernel,9.93,132,89.48,89.48,86.75,100,0,36.63
18,vectorized_elementwise_kernel,9.93,132,88.86,88.86,87.02,100,23.29,35.38
19,vectorized_elementwise_kernel,11.77,132,83.93,83.93,84.21,100,0,53.36
20,vectorized_elementwise_kernel,9.91,132,88.53,88.53,85.83,100,24.46,35.57
21,sm80_xmma_gemm_f32f32_f32f32_f32_tn_n_tilesize128x128x8_stage3_warpsize2x2x1_ffma_aligna4_alignc4_execute_kernel__5x_cublas,80.86,132,63.54,30.84,12.46,12.50,9.86,60.50
22,Kernel,85.28,132,35.55,6.85,12.47,12.50,7.08,70.05
23,reduce_kernel,12.07,132,60.09,60.09,50.31,56.25,5.57,7.03
24,vectorized_elementwise_kernel,0.05,132,9.02,0.14,6.28,100,0,98.04
25,vectorized_elementwise_kernel,9.60,132,35.33,35.33,69.37,100,0,52.30
26,layer_norm_grad_input_kernel,52.83,132,66.23,61.44,88.67,100,79.76,39.00
27,GammaBetaBackwardCUDAKernel_32x32,9.45,132,35.33,35.33,50.33,100,0.09,10.98
28,vectorized_elementwise_kernel,10.69,132,74.21,74.21,82.35,100,29.42,37.95
29,vectorized_elementwise_kernel,0.01,132,9.53,0.06,7.03,100,0,99.10
30,vectorized_elementwise_kernel,0.02,132,9.79,0.06,5.75,100,0,99.12
31,vectorized_elementwise_kernel,15.01,132,65.69,65.69,78.86,100,0,49.97
32,sm80_xmma_gemm_f32f32_f32f32_f32_tn_n_tilesize128x64x8_stage3_warpsize2x2x1_ffma_aligna4_alignc4_execute_kernel__5x_cublas,77.00,132,73.67,9.26,12.35,12.50,0.87,87.29
33,Kernel,85.45,132,35.03,6.29,12.51,12.50,0,64.31
34,splitKreduce_kernel,17.23,132,40.76,40.76,85.45,100,0,19.31
35,reduce_kernel,7.94,132,30.75,30.75,35.79,56.25,7.38,14.18
36,vectorized_elementwise_kernel,0.02,132,9.84,0.06,7.07,100,0,99.35
37,vectorized_elementwise_kernel,5.49,132,18.61,15.94,39.63,100,0,63.70
38,elementwise_kernel,63.88,132,37.89,37.89,83.53,100,0,55.93
39,sm80_xmma_gemm_f32f32_f32f32_f32_nt_n_tilesize128x64x8_stage3_warpsize2x2x1_ffma_aligna4_alignc4_execute_kernel__5x_cublas,84.05,132,58.60,40.25,12.24,12.50,0,23.53
40,sm80_xmma_gemm_f32f32_f32f32_f32_tn_n_tilesize128x128x8_stage3_warpsize2x2x1_ffma_aligna4_alignc4_execute_kernel__5x_cublas,64.42,132,51.29,26.25,12.40,12.50,0.77,93.38
41,vectorized_elementwise_kernel,14.15,132,89.13,89.13,85.39,100,0,47.59
42,vectorized_elementwise_kernel,9.77,132,91.36,91.36,87.98,100,0,35.54
43,softmax_warp_backward,13.53,132,90.67,90.67,50.96,56.25,0,35.34
44,vectorized_elementwise_kernel,0.01,132,11.48,0.04,5.60,100,0,99.56
45,elementwise_kernel,81.77,132,48.80,48.80,85.15,100,15.58,69.44
46,elementwise_kernel,67.39,132,61.12,61.12,86.28,100,11.11,50.43
47,sm80_xmma_gemm_f32f32_f32f32_f32_nt_n_tilesize64x128x8_stage3_warpsize1x4x1_ffma_aligna4_alignc4_execute_kernel__5x_cublas,84.50,132,58.94,40.47,12.27,12.50,0,18.62
48,sm80_xmma_gemm_f32f32_f32f32_f32_tn_n_tilesize64x64x8_stage3_warpsize1x4x1_ffma_aligna4_alignc4_execute_kernel__5x_cublas,75.90,132,85.73,33.37,23.40,25,0,69.35
49,elementwise_kernel,64.43,132,37.99,37.99,81.44,100,0,53.06
50,elementwise_kernel,64.02,132,38.21,38.21,83.13,100,0,53.74
51,CatArrayBatchedCopy,50.49,132,55.75,41.50,84.41,100,0,72.21
52,sm80_xmma_gemm_f32f32_f32f32_f32_tn_n_tilesize128x64x8_stage3_warpsize2x2x1_ffma_aligna4_alignc4_execute_kernel__5x_cublas,78.49,132,75.30,9.21,12.40,12.50,3.02,87.44
53,Kernel,83.01,132,34.34,5.80,12.48,12.50,5.50,72.27
54,reduce_kernel,11.93,132,49.52,49.52,49.55,56.25,7.20,10.24
55,vectorized_elementwise_kernel,0.04,132,9.40,0.11,6.08,100,0,98.57
56,vectorized_elementwise_kernel,8.63,132,30.91,30.91,67.79,100,0,55.33
57,layer_norm_grad_input_kernel,53.02,132,66.42,61.50,86.89,100,79.87,41.89
58,GammaBetaBackwardCUDAKernel_32x32,9.46,132,35.41,35.41,49.64,100,0.09,9.38
59,vectorized_elementwise_kernel,10.62,132,73.91,73.91,81.78,100,29.28,39.68
60,vectorized_elementwise_kernel,0.02,132,9.81,0.07,4.83,100,0,99.15
61,vectorized_elementwise_kernel,0.01,132,9.57,0.06,6.39,100,0,99.10
62,vectorized_elementwise_kernel,14.96,132,66.90,66.90,80.19,100,0,49.29
63,sm80_xmma_gemm_f32f32_f32f32_f32_tn_n_tilesize128x128x8_stage3_warpsize2x2x1_ffma_aligna4_alignc4_execute_kernel__5x_cublas,86.00,132,67.24,7.71,12.46,12.50,12.20,89.52
64,Kernel,85.24,132,35.53,6.17,12.48,12.50,7.08,72.11
65,reduce_kernel,8.05,132,31.13,31.13,35.54,56.25,7.38,11.46
66,vectorized_elementwise_kernel,0.02,132,9.67,0.06,7.64,100,0,99.15
67,vectorized_elementwise_kernel,9.69,132,35.62,35.62,70.48,100,0,53.24
68,vectorized_elementwise_kernel,9.95,132,89.64,89.64,85.83,100,0,37.94
69,vectorized_elementwise_kernel,9.95,132,89.65,89.65,86.93,100,0,37.02
70,vectorized_elementwise_kernel,9.94,132,89.73,89.73,85.83,100,0,37.36
71,vectorized_elementwise_kernel,11.74,132,83.57,83.57,82.48,100,0,52.56
72,vectorized_elementwise_kernel,11.83,132,84.62,84.62,85.13,100,0,52.74
73,vectorized_elementwise_kernel,11.51,132,81.75,81.75,83.31,100,0,53.06
74,vectorized_elementwise_kernel,11.72,132,83.06,83.06,83.18,100,0,52.86
75,vectorized_elementwise_kernel,9.92,132,89.20,89.20,87.23,100,0,36.69
76,vectorized_elementwise_kernel,10.08,132,90.01,90.01,88.05,100,24.44,35.26
77,vectorized_elementwise_kernel,11.87,132,84.33,84.33,83.30,100,0,53.11
78,vectorized_elementwise_kernel,10.02,132,89.49,89.49,87.27,100,24.49,35.71
79,sm80_xmma_gemm_f32f32_f32f32_f32_tn_n_tilesize128x128x8_stage3_warpsize2x2x1_ffma_aligna4_alignc4_execute_kernel__5x_cublas,80.51,132,63.26,30.30,12.50,12.50,10.14,60.52
80,Kernel,85.39,132,35.60,6.90,12.49,12.50,7.08,69.08
81,reduce_kernel,11.89,132,59.26,59.26,50.48,56.25,5.57,7.34
82,vectorized_elementwise_kernel,0.05,132,9.26,0.14,6.44,100,0,98.21
83,vectorized_elementwise_kernel,9.51,132,35.00,35.00,67.89,100,0,52.32
84,layer_norm_grad_input_kernel,53.65,132,67.20,62.38,88.96,100,79.81,40.54
85,GammaBetaBackwardCUDAKernel_32x32,9.38,132,35.09,35.09,50.44,100,0.09,10.72
86,vectorized_elementwise_kernel,10.71,132,74.73,74.73,83.24,100,29.32,38.46
87,vectorized_elementwise_kernel,0.02,132,9.64,0.06,5.79,100,0,99.10
88,vectorized_elementwise_kernel,0.02,132,9.89,0.06,5.20,100,0,99.11
89,vectorized_elementwise_kernel,14.85,132,65.97,65.97,81.91,100,0,49.95
90,sm80_xmma_gemm_f32f32_f32f32_f32_tn_n_tilesize128x64x8_stage3_warpsize2x2x1_ffma_aligna4_alignc4_execute_kernel__5x_cublas,77.19,132,73.86,9.24,12.39,12.50,1.66,88.77
91,Kernel,85.50,132,35.05,6.29,12.50,12.50,0,63.67
92,splitKreduce_kernel,17.44,132,41.15,41.15,83.73,100,0,18.87
93,reduce_kernel,8.00,132,30.93,30.93,35.62,56.25,7.44,13.67
94,vectorized_elementwise_kernel,0.02,132,9.73,0.06,6.06,100,0,99.08
95,vectorized_elementwise_kernel,5.51,132,18.36,15.90,40.32,100,0,59.71
96,elementwise_kernel,64.30,132,38.19,38.19,83.75,100,0,59.15
97,sm80_xmma_gemm_f32f32_f32f32_f32_nt_n_tilesize128x64x8_stage3_warpsize2x2x1_ffma_aligna4_alignc4_execute_kernel__5x_cublas,84.44,132,58.87,40.45,12.26,12.50,0.04,25.29
98,sm80_xmma_gemm_f32f32_f32f32_f32_tn_n_tilesize128x128x8_stage3_warpsize2x2x1_ffma_aligna4_alignc4_execute_kernel__5x_cublas,64.55,132,51.38,26.31,12.38,12.50,1.00,92.16
99,vectorized_elementwise_kernel,14.18,132,89.30,89.30,86.17,100,0,46.93
100,vectorized_elementwise_kernel,9.75,132,91.22,91.22,87.50,100,0,35.63
101,softmax_warp_backward,13.57,132,90.93,90.93,50.95,56.25,0,35.32
102,vectorized_elementwise_kernel,0.01,132,10.67,0.03,5.58,100,0,99.53
103,elementwise_kernel,81.66,132,48.72,48.72,85.28,100,15.59,69.29
104,elementwise_kernel,67.45,132,61.10,61.10,86.44,100,11.11,50.57
105,sm80_xmma_gemm_f32f32_f32f32_f32_nt_n_tilesize64x128x8_stage3_warpsize1x4x1_ffma_aligna4_alignc4_execute_kernel__5x_cublas,84.78,132,59.14,40.60,12.25,12.50,0,18.63
106,sm80_xmma_gemm_f32f32_f32f32_f32_tn_n_tilesize64x64x8_stage3_warpsize1x4x1_ffma_aligna4_alignc4_execute_kernel__5x_cublas,76.10,132,85.95,33.42,23.40,25,0,69.54
107,elementwise_kernel,64.44,132,38.17,38.17,81.46,100,0,52.67
108,elementwise_kernel,64.64,132,38.11,38.11,82.44,100,0,53.38
109,CatArrayBatchedCopy,52.42,132,55.95,43.13,82.69,100,0,73.03
110,sm80_xmma_gemm_f32f32_f32f32_f32_tn_n_tilesize128x64x8_stage3_warpsize2x2x1_ffma_aligna4_alignc4_execute_kernel__5x_cublas,78.97,132,75.76,9.14,12.43,12.50,2.92,84.86
111,Kernel,82.97,132,34.31,5.75,12.46,12.50,5.50,70.84
112,reduce_kernel,12.12,132,50.44,50.44,51.82,56.25,7.21,10.15
113,vectorized_elementwise_kernel,0.04,132,9.57,0.12,6.28,100,0,98.58
114,vectorized_elementwise_kernel,8.80,132,31.41,31.41,73.28,100,0,53.93
115,layer_norm_grad_input_kernel,52.85,132,66.22,61.33,90.63,100,79.80,43.80
116,GammaBetaBackwardCUDAKernel_32x32,9.53,132,35.69,35.69,50.12,100,0.09,10.90
117,vectorized_elementwise_kernel,11.02,132,76.43,76.43,83.40,100,29.32,37.94
118,vectorized_elementwise_kernel,0.02,132,9.91,0.07,5.69,100,0,99.06
119,vectorized_elementwise_kernel,0.02,132,9.98,0.06,6.17,100,0,99.02
120,vectorized_elementwise_kernel,14.88,132,65.10,65.10,80.44,100,0,50.80
121,sm80_xmma_gemm_f32f32_f32f32_f32_tn_n_tilesize128x128x8_stage3_warpsize2x2x1_ffma_aligna4_alignc4_execute_kernel__5x_cublas,86.06,132,67.29,7.71,12.47,12.50,11.44,89.57
122,Kernel,85.34,132,35.57,6.00,12.48,12.50,7.08,73.66
123,reduce_kernel,8.10,132,31.31,31.31,35.85,56.25,7.41,12.53
124,vectorized_elementwise_kernel,0.01,132,9.49,0.06,5.84,100,0,98.98
125,vectorized_elementwise_kernel,9.83,132,36.21,36.21,69.52,100,0,54.74
126,vectorized_elementwise_kernel,10.03,132,90.44,90.44,85.78,100,0,38.32
127,vectorized_elementwise_kernel,9.94,132,89.51,89.51,87.73,100,0,37.04
128,vectorized_elementwise_kernel,9.92,132,89.43,89.43,86.67,100,0,36.74
129,vectorized_elementwise_kernel,11.69,132,83.20,83.20,82.12,100,0,52.37
130,vectorized_elementwise_kernel,11.72,132,83.42,83.42,83.13,100,0,51.95
131,vectorized_elementwise_kernel,11.66,132,82.92,82.92,83.38,100,0,52.36
132,vectorized_elementwise_kernel,11.78,132,83.60,83.60,82.48,100,0,53.30
133,vectorized_elementwise_kernel,9.95,132,89.47,89.47,87.37,100,0,36.28
134,vectorized_elementwise_kernel,9.94,132,88.86,88.86,87.58,100,24.44,35.47
135,vectorized_elementwise_kernel,11.64,132,82.82,82.82,83.25,100,0,52.98
136,vectorized_elementwise_kernel,9.95,132,88.92,88.92,87.30,100,24.34,35.53
137,sm80_xmma_gemm_f32f32_f32f32_f32_tn_n_tilesize128x128x8_stage3_warpsize2x2x1_ffma_aligna4_alignc4_execute_kernel__5x_cublas,80.96,132,63.62,30.62,12.44,12.50,10.88,60.23
138,Kernel,85.31,132,35.56,6.91,12.48,12.50,7.08,69.75
139,reduce_kernel,11.93,132,59.37,59.37,52.11,56.25,5.59,7.24
140,vectorized_elementwise_kernel,0.04,132,8.54,0.13,5.73,100,0,98.12
141,vectorized_elementwise_kernel,9.83,132,36.16,36.16,70.14,100,0,53.04
142,layer_norm_grad_input_kernel,53.96,132,67.60,62.33,89.32,100,79.88,40.16
143,GammaBetaBackwardCUDAKernel_32x32,9.37,132,35.08,35.08,50.28,100,0.09,8.85
144,vectorized_elementwise_kernel,10.99,132,75.79,75.79,82.32,100,29.47,37.23
145,vectorized_elementwise_kernel,0.01,132,8.79,0.06,5.47,100,0,99.06
146,vectorized_elementwise_kernel,0.02,132,9.69,0.06,6.16,100,0,99.15
147,vectorized_elementwise_kernel,14.90,132,65.40,65.40,78.03,100,0,48.74
148,sm80_xmma_gemm_f32f32_f32f32_f32_tn_n_tilesize128x64x8_stage3_warpsize2x2x1_ffma_aligna4_alignc4_execute_kernel__5x_cublas,77.14,132,73.81,9.28,12.42,12.50,6.83,88.39
149,Kernel,85.60,132,35.10,6.29,12.51,12.50,0,64.66
150,splitKreduce_kernel,17.16,132,40.52,40.52,85.41,100,0,17.63
151,reduce_kernel,7.98,132,30.86,30.86,35.99,56.25,7.41,13.93
152,vectorized_elementwise_kernel,0.01,132,9.58,0.06,5.53,100,0,99.15
153,vectorized_elementwise_kernel,5.38,132,17.94,15.56,36.41,100,0,59.87
154,elementwise_kernel,65.03,132,38.99,38.99,82.00,100,0,54.75
155,sm80_xmma_gemm_f32f32_f32f32_f32_nt_n_tilesize128x64x8_stage3_warpsize2x2x1_ffma_aligna4_alignc4_execute_kernel__5x_cublas,84.20,132,58.70,40.31,12.28,12.50,0.04,24.12
156,sm80_xmma_gemm_f32f32_f32f32_f32_tn_n_tilesize128x128x8_stage3_warpsize2x2x1_ffma_aligna4_alignc4_execute_kernel__5x_cublas,64.31,132,51.19,26.22,12.43,12.50,1.02,93.22
157,vectorized_elementwise_kernel,14.15,132,89.05,89.05,85.80,100,0,47.23
158,vectorized_elementwise_kernel,9.76,132,91.37,91.37,87.40,100,0,35.68
159,softmax_warp_backward,13.52,132,90.68,90.68,50.58,56.25,0,35.38
160,vectorized_elementwise_kernel,0.01,132,11.24,0.04,5.51,100,0,99.56
161,elementwise_kernel,81.56,132,48.65,48.65,85.00,100,15.59,69.19
162,elementwise_kernel,67.36,132,61.01,61.01,86.18,100,11.11,50.54
163,sm80_xmma_gemm_f32f32_f32f32_f32_nt_n_tilesize64x128x8_stage3_warpsize1x4x1_ffma_aligna4_alignc4_execute_kernel__5x_cublas,84.62,132,59.01,40.50,12.21,12.50,0,18.60
164,sm80_xmma_gemm_f32f32_f32f32_f32_tn_n_tilesize64x64x8_stage3_warpsize1x4x1_ffma_aligna4_alignc4_execute_kernel__5x_cublas,75.93,132,85.75,33.40,23.36,25,0.00,69.59
165,elementwise_kernel,64.59,132,38.31,38.31,81.36,100,0,52.28
166,elementwise_kernel,64.92,132,38.21,38.21,83.59,100,0,54.48
167,CatArrayBatchedCopy,52.07,132,55.99,42.81,82.12,100,0,72.73
168,sm80_xmma_gemm_f32f32_f32f32_f32_tn_n_tilesize128x64x8_stage3_warpsize2x2x1_ffma_aligna4_alignc4_execute_kernel__5x_cublas,78.50,132,75.30,9.16,12.42,12.50,6.31,84.29
169,Kernel,82.96,132,34.32,5.79,12.49,12.50,5.50,67.74
170,reduce_kernel,11.98,132,49.73,49.73,50.47,56.25,7.19,10.32
171,vectorized_elementwise_kernel,0.04,132,9.43,0.12,5.79,100,0,98.44
172,vectorized_elementwise_kernel,8.84,132,31.63,31.63,65.74,100,0,54.19
173,layer_norm_grad_input_kernel,52.93,132,66.23,61.61,88.33,100,79.69,41.10
174,GammaBetaBackwardCUDAKernel_32x32,9.50,132,35.57,35.57,49.83,100,0.09,12.37
175,vectorized_elementwise_kernel,10.99,132,76.16,76.16,82.62,100,29.31,38.53
176,vectorized_elementwise_kernel,0.01,132,9.50,0.06,5.51,100,0,99.04
177,vectorized_elementwise_kernel,0.01,132,9.63,0.06,6.19,100,0,99.19
178,vectorized_elementwise_kernel,14.18,132,61.44,61.44,81.12,100,0,50.07
179,sm80_xmma_gemm_f32f32_f32f32_f32_tn_n_tilesize128x128x8_stage3_warpsize2x2x1_ffma_aligna4_alignc4_execute_kernel__5x_cublas,86.09,132,67.31,7.73,12.47,12.50,12.12,90.34
180,Kernel,85.37,132,35.58,5.97,12.46,12.50,7.08,72.69
181,reduce_kernel,8.05,132,31.09,31.09,35.72,56.25,7.41,11.62
182,vectorized_elementwise_kernel,0.02,132,9.99,0.07,6.25,100,0,99.17
183,vectorized_elementwise_kernel,9.69,132,35.77,35.77,67.78,100,0,54.79
184,vectorized_elementwise_kernel,9.85,132,88.88,88.88,86.93,100,0,38.51
185,vectorized_elementwise_kernel,9.92,132,89.50,89.50,86.99,100,0,38.42
186,vectorized_elementwise_kernel,9.92,132,89.42,89.42,87.05,100,0,36.33
187,vectorized_elementwise_kernel,11.78,132,83.86,83.86,82.62,100,0,52.44
188,vectorized_elementwise_kernel,11.63,132,82.79,82.79,82.09,100,0,51.67
189,vectorized_elementwise_kernel,11.73,132,83.31,83.31,84.57,100,0,52.39
190,vectorized_elementwise_kernel,11.87,132,84.46,84.46,82.67,100,0,52.90
191,vectorized_elementwise_kernel,9.91,132,89.24,89.24,86.87,100,0,36.93
192,vectorized_elementwise_kernel,10.05,132,89.74,89.74,86.63,100,24.19,35.27
193,vectorized_elementwise_kernel,11.61,132,82.70,82.70,83.21,100,0,52.82
194,vectorized_elementwise_kernel,9.96,132,88.98,88.98,87.19,100,24.32,35.38
195,sm80_xmma_gemm_f32f32_f32f32_f32_tn_n_tilesize128x128x8_stage3_warpsize2x2x1_ffma_aligna4_alignc4_execute_kernel__5x_cublas,80.61,132,63.34,30.52,12.45,12.50,10.70,60.04
196,Kernel,85.28,132,35.56,6.98,12.48,12.50,7.08,68.86
197,reduce_kernel,11.97,132,59.66,59.66,50.60,56.25,5.54,7.49
198,vectorized_elementwise_kernel,0.05,132,9.21,0.14,5.97,100,0,98.01
199,vectorized_elementwise_kernel,9.83,132,36.14,36.14,69.60,100,0,52.83
200,layer_norm_grad_input_kernel,52.93,132,66.14,61.17,89.60,100,79.83,41.38
201,GammaBetaBackwardCUDAKernel_32x32,9.50,132,35.55,35.55,49.99,100,0.09,10.27
202,vectorized_elementwise_kernel,10.86,132,75.59,75.59,81.92,100,29.23,37.88
203,vectorized_elementwise_kernel,0.02,132,9.82,0.06,7.53,100,0,99.10
204,vectorized_elementwise_kernel,0.02,132,10.04,0.07,6.78,100,0,99.02
205,vectorized_elementwise_kernel,15.04,132,66.35,66.35,80.40,100,0,49.71
206,sm80_xmma_gemm_f32f32_f32f32_f32_tn_n_tilesize128x64x8_stage3_warpsize2x2x1_ffma_aligna4_alignc4_execute_kernel__5x_cublas,77.08,132,73.73,9.24,12.42,12.50,2.06,87.49
207,Kernel,85.47,132,35.04,6.28,12.51,12.50,0,65.01
208,splitKreduce_kernel,16.65,132,39.30,39.30,92.24,100,0,18.55
209,reduce_kernel,7.99,132,30.86,30.86,35.22,56.25,7.41,13.93
210,vectorized_elementwise_kernel,0.01,132,9.34,0.06,6.08,100,0,99.01
211,vectorized_elementwise_kernel,5.43,132,18.11,15.68,40.68,100,0,61.13
212,elementwise_kernel,65.17,132,38.75,38.75,83.09,100,0,55.29
213,sm80_xmma_gemm_f32f32_f32f32_f32_nt_n_tilesize128x64x8_stage3_warpsize2x2x1_ffma_aligna4_alignc4_execute_kernel__5x_cublas,84.40,132,58.84,40.41,12.26,12.50,0.04,23.39
214,sm80_xmma_gemm_f32f32_f32f32_f32_tn_n_tilesize128x128x8_stage3_warpsize2x2x1_ffma_aligna4_alignc4_execute_kernel__5x_cublas,64.26,132,51.15,26.22,12.43,12.50,0.83,92.79
215,vectorized_elementwise_kernel,14.18,132,89.21,89.21,85.65,100,0,47.75
216,vectorized_elementwise_kernel,9.74,132,91.13,91.13,86.45,100,0,35.89
217,softmax_warp_backward,13.51,132,90.53,90.53,50.97,56.25,0,35.43
218,vectorized_elementwise_kernel,0.01,132,10.88,0.03,5.63,100,0,99.51
219,elementwise_kernel,81.47,132,48.64,48.64,85.15,100,15.60,69.42
220,elementwise_kernel,67.66,132,61.36,61.36,86.33,100,11.11,50.60
221,sm80_xmma_gemm_f32f32_f32f32_f32_nt_n_tilesize64x128x8_stage3_warpsize1x4x1_ffma_aligna4_alignc4_execute_kernel__5x_cublas,84.52,132,58.96,40.45,12.20,12.50,0,20.08
222,sm80_xmma_gemm_f32f32_f32f32_f32_tn_n_tilesize64x64x8_stage3_warpsize1x4x1_ffma_aligna4_alignc4_execute_kernel__5x_cublas,76.11,132,85.96,33.42,23.40,25,0.00,69.59
223,elementwise_kernel,64.58,132,38.06,38.06,81.66,100,0,52.90
224,elementwise_kernel,64.75,132,37.78,37.78,81.91,100,0,53.52
225,CatArrayBatchedCopy,52.58,132,57.85,43.21,83.42,100,0,74.79
226,sm80_xmma_gemm_f32f32_f32f32_f32_tn_n_tilesize128x64x8_stage3_warpsize2x2x1_ffma_aligna4_alignc4_execute_kernel__5x_cublas,78.51,132,75.30,9.20,12.43,12.50,7.77,87.43
227,Kernel,83.05,132,34.35,5.80,12.47,12.50,5.50,68.87
228,reduce_kernel,12.44,132,51.49,51.49,50.47,56.25,7.19,9.94
229,vectorized_elementwise_kernel,0.04,132,9.80,0.12,6.11,100,0,98.67
230,vectorized_elementwise_kernel,8.92,132,31.85,31.85,67.27,100,0,54.26
231,layer_norm_grad_input_kernel,51.50,132,64.55,59.97,89.13,100,79.77,40.27
232,GammaBetaBackwardCUDAKernel_32x32,9.43,132,35.35,35.35,50.49,100,0.09,8.72
233,vectorized_elementwise_kernel,10.94,132,76.28,76.28,81.22,100,29.43,37.69
234,vectorized_elementwise_kernel,0.01,132,8.86,0.06,6.44,100,0,99.15
235,vectorized_elementwise_kernel,0.02,132,9.88,0.06,6.05,100,0,99.17
236,vectorized_elementwise_kernel,15.05,132,66.61,66.61,80.46,100,0,50.47
237,sm80_xmma_gemm_f32f32_f32f32_f32_tn_n_tilesize128x128x8_stage3_warpsize2x2x1_ffma_aligna4_alignc4_execute_kernel__5x_cublas,86.06,132,67.28,7.71,12.46,12.50,12.40,90.02
238,Kernel,85.19,132,35.51,6.26,12.47,12.50,7.08,71.42
239,reduce_kernel,7.92,132,30.61,30.61,34.12,56.25,7.45,11.94
240,vectorized_elementwise_kernel,0.02,132,9.68,0.06,6.25,100,0,99.09
241,vectorized_elementwise_kernel,9.70,132,35.64,35.64,73.19,100,0,52.96
242,vectorized_elementwise_kernel,9.92,132,89.38,89.38,85.89,100,0,37.84
243,vectorized_elementwise_kernel,9.87,132,89.01,89.01,87.77,100,0,37.12
244,vectorized_elementwise_kernel,9.93,132,89.65,89.65,87.53,100,0,37.05
245,vectorized_elementwise_kernel,11.55,132,82.25,82.25,82.87,100,0,52.13
246,vectorized_elementwise_kernel,11.57,132,82.51,82.51,82.64,100,0,51.95
247,vectorized_elementwise_kernel,11.86,132,84.22,84.22,82.37,100,0,52.38
248,vectorized_elementwise_kernel,11.66,132,82.77,82.77,83.83,100,0,52.74
249,vectorized_elementwise_kernel,9.91,132,89.33,89.33,87.06,100,0,36.86
250,vectorized_elementwise_kernel,10.05,132,89.80,89.80,87.12,100,24.43,35.24
251,vectorized_elementwise_kernel,11.81,132,83.77,83.77,81.78,100,0,53.00
252,vectorized_elementwise_kernel,9.97,132,89.11,89.11,86.79,100,24.36,35.58
253,sm80_xmma_gemm_f32f32_f32f32_f32_tn_n_tilesize128x128x8_stage3_warpsize2x2x1_ffma_aligna4_alignc4_execute_kernel__5x_cublas,80.50,132,63.26,30.26,12.48,12.50,9.94,60.55
254,Kernel,85.34,132,35.57,6.89,12.48,12.50,7.08,70.41
255,reduce_kernel,11.68,132,58.08,58.08,53.52,56.25,5.51,7.61
256,vectorized_elementwise_kernel,0.05,132,9.77,0.15,6.07,100,0,98.21
257,vectorized_elementwise_kernel,9.27,132,34.13,34.13,69.11,100,0,52.99
258,layer_norm_grad_input_kernel,52.88,132,66.23,61.10,87.18,100,79.88,40.65
259,GammaBetaBackwardCUDAKernel_32x32,9.43,132,35.27,35.27,49.35,100,0.09,9.66
260,vectorized_elementwise_kernel,11.01,132,76.65,76.65,83.40,100,29.44,38.50
261,vectorized_elementwise_kernel,0.01,132,9.00,0.06,6.64,100,0,99.21
262,vectorized_elementwise_kernel,0.01,132,9.04,0.06,6.14,100,0,99.04
263,vectorized_elementwise_kernel,14.85,132,66.03,66.03,79.44,100,0,49.76
264,sm80_xmma_gemm_f32f32_f32f32_f32_tn_n_tilesize128x64x8_stage3_warpsize2x2x1_ffma_aligna4_alignc4_execute_kernel__5x_cublas,77.15,132,73.81,9.18,12.42,12.50,1.12,88.84
265,Kernel,85.42,132,35.02,6.31,12.51,12.50,0,65.67
266,splitKreduce_kernel,16.43,132,38.79,38.79,85.09,100,0,18.97
267,reduce_kernel,7.77,132,30.10,30.10,36.49,56.25,7.41,12.99
268,vectorized_elementwise_kernel,0.01,132,9.18,0.06,5.06,100,0,99.10
269,vectorized_elementwise_kernel,5.44,132,18.14,15.72,39.45,100,0,60.98
270,elementwise_kernel,65.44,132,38.60,38.60,81.68,100,0,58.41
271,sm80_xmma_gemm_f32f32_f32f32_f32_nt_n_tilesize128x64x8_stage3_warpsize2x2x1_ffma_aligna4_alignc4_execute_kernel__5x_cublas,84.22,132,58.72,40.30,12.24,12.50,0.04,25.87
272,sm80_xmma_gemm_f32f32_f32f32_f32_tn_n_tilesize128x128x8_stage3_warpsize2x2x1_ffma_aligna4_alignc4_execute_kernel__5x_cublas,64.54,132,51.33,26.31,12.36,12.50,0.73,92.70
273,vectorized_elementwise_kernel,14.05,132,88.41,88.41,85.00,100,0,48.19
274,vectorized_elementwise_kernel,9.75,132,91.23,91.23,87.95,100,0,35.78
275,softmax_warp_backward,13.52,132,90.62,90.62,51.06,56.25,0,35.15
276,vectorized_elementwise_kernel,0.01,132,11.27,0.04,4.35,100,0,99.54
277,elementwise_kernel,81.61,132,48.72,48.72,85.20,100,15.60,69.40
278,elementwise_kernel,67.46,132,61.17,61.17,86.03,100,11.11,50.46
279,sm80_xmma_gemm_f32f32_f32f32_f32_nt_n_tilesize64x128x8_stage3_warpsize1x4x1_ffma_aligna4_alignc4_execute_kernel__5x_cublas,84.45,132,58.90,40.45,12.25,12.50,0,19.02
280,sm80_xmma_gemm_f32f32_f32f32_f32_tn_n_tilesize64x64x8_stage3_warpsize1x4x1_ffma_aligna4_alignc4_execute_kernel__5x_cublas,76.18,132,86.03,33.47,23.40,25,0,69.51
281,elementwise_kernel,63.37,132,37.34,37.34,81.65,100,0,52.11
282,elementwise_kernel,64.24,132,37.45,37.45,79.63,100,0,53.19
283,CatArrayBatchedCopy,52.46,132,56.69,43.19,83.43,100,0,73.93
284,sm80_xmma_gemm_f32f32_f32f32_f32_tn_n_tilesize128x64x8_stage3_warpsize2x2x1_ffma_aligna4_alignc4_execute_kernel__5x_cublas,78.50,132,75.30,9.20,12.44,12.50,3.39,89.08
285,Kernel,83.05,132,34.35,5.80,12.49,12.50,5.50,69.19
286,reduce_kernel,12.54,132,51.80,51.80,49.12,56.25,7.23,10.46
287,vectorized_elementwise_kernel,0.04,132,9.89,0.12,5.60,100,0,98.46
288,vectorized_elementwise_kernel,8.82,132,31.57,31.57,66.98,100,0,55.07
289,layer_norm_grad_input_kernel,52.76,132,66.09,61.23,90.92,100,79.94,41.01
290,GammaBetaBackwardCUDAKernel_32x32,9.34,132,34.93,34.93,49.55,100,0.09,9.30
291,vectorized_elementwise_kernel,11.02,132,76.04,76.04,82.19,100,29.48,39.00
292,vectorized_elementwise_kernel,0.01,132,9.29,0.06,5.89,100,0,98.84
293,vectorized_elementwise_kernel,0.02,132,9.82,0.06,5.18,100,0,99.19
294,vectorized_elementwise_kernel,14.94,132,65.27,65.27,80.86,100,0,51.12
295,sm80_xmma_gemm_f32f32_f32f32_f32_tn_n_tilesize128x128x8_stage3_warpsize2x2x1_ffma_aligna4_alignc4_execute_kernel__5x_cublas,86.07,132,67.29,7.72,12.43,12.50,11.64,89.90
296,Kernel,85.34,132,35.57,6.21,12.47,12.50,7.08,72.81
297,reduce_kernel,7.99,132,30.88,30.88,36.37,56.25,7.41,11.63
298,vectorized_elementwise_kernel,0.02,132,9.74,0.06,7.69,100,0,99.10
299,vectorized_elementwise_kernel,9.66,132,35.57,35.57,69.11,100,0,53.40
300,vectorized_elementwise_kernel,9.98,132,89.79,89.79,86.31,100,0,37.76
301,vectorized_elementwise_kernel,9.91,132,89.17,89.17,86.43,100,0,37.57
302,vectorized_elementwise_kernel,9.88,132,89.09,89.09,87.54,100,0,36.80
303,vectorized_elementwise_kernel,11.83,132,84.46,84.46,85.10,100,0,52.87
304,vectorized_elementwise_kernel,11.88,132,84.64,84.64,84.39,100,0,52.19
305,vectorized_elementwise_kernel,11.66,132,82.64,82.64,83.07,100,0,52.54
306,vectorized_elementwise_kernel,11.84,132,84.16,84.16,81.89,100,0,53.06
307,vectorized_elementwise_kernel,9.95,132,89.75,89.75,87.01,100,0,36.39
308,vectorized_elementwise_kernel,9.99,132,89.19,89.19,86.44,100,24.41,35.34
309,vectorized_elementwise_kernel,11.90,132,84.39,84.39,83.71,100,0,53.34
310,vectorized_elementwise_kernel,9.92,132,88.63,88.63,86.90,100,24.51,35.53
311,sm80_xmma_gemm_f32f32_f32f32_f32_tn_n_tilesize128x128x8_stage3_warpsize2x2x1_ffma_aligna4_alignc4_execute_kernel__5x_cublas,80.62,132,63.34,30.98,12.49,12.50,10.79,60.50
312,Kernel,85.33,132,35.57,6.98,12.47,12.50,7.08,68.66
313,reduce_kernel,11.79,132,58.67,58.67,51.79,56.25,5.54,7.18
314,vectorized_elementwise_kernel,0.05,132,9.51,0.14,7.36,100,0,98.15
315,vectorized_elementwise_kernel,9.62,132,35.42,35.42,68.41,100,0,53.26
316,layer_norm_grad_input_kernel,53.13,132,66.49,61.75,90.29,100,79.85,40.65
317,GammaBetaBackwardCUDAKernel_32x32,9.46,132,35.37,35.37,49.92,100,0.09,8.79
318,vectorized_elementwise_kernel,11.03,132,76.46,76.46,82.43,100,29.31,37.88
319,vectorized_elementwise_kernel,0.01,132,9.57,0.06,5.72,100,0,99.06
320,vectorized_elementwise_kernel,0.02,132,9.83,0.06,6.24,100,0,99.18
321,vectorized_elementwise_kernel,14.99,132,65.93,65.93,82.30,100,0,50.13
322,sm80_xmma_gemm_f32f32_f32f32_f32_tn_n_tilesize128x64x8_stage3_warpsize2x2x1_ffma_aligna4_alignc4_execute_kernel__5x_cublas,77.15,132,73.82,9.54,12.45,12.50,2.36,88.53
323,Kernel,85.60,132,35.09,6.30,12.51,12.50,0,62.16
324,splitKreduce_kernel,16.82,132,39.70,39.70,81.68,100,0,20.10
325,reduce_kernel,8.02,132,30.99,30.99,35.76,56.25,7.33,13.83
326,vectorized_elementwise_kernel,0.02,132,9.73,0.06,4.95,100,0,98.99
327,vectorized_elementwise_kernel,5.50,132,18.37,15.95,39.24,100,0,62.29
328,elementwise_kernel,64.43,132,38.68,38.68,80.97,100,0,59.48
329,sm80_xmma_gemm_f32f32_f32f32_f32_nt_n_tilesize128x64x8_stage3_warpsize2x2x1_ffma_aligna4_alignc4_execute_kernel__5x_cublas,84.45,132,58.88,40.43,12.28,12.50,0.04,25.56
330,sm80_xmma_gemm_f32f32_f32f32_f32_tn_n_tilesize128x128x8_stage3_warpsize2x2x1_ffma_aligna4_alignc4_execute_kernel__5x_cublas,64.50,132,51.34,26.28,12.35,12.50,0.96,93.16
331,vectorized_elementwise_kernel,14.10,132,88.76,88.76,86.00,100,0,47.85
332,vectorized_elementwise_kernel,9.78,132,91.49,91.49,87.62,100,0,35.76
333,softmax_warp_backward,13.55,132,90.87,90.87,51.00,56.25,0,35.44
334,vectorized_elementwise_kernel,0.01,132,11.09,0.04,5.73,100,0,99.51
335,elementwise_kernel,81.39,132,48.60,48.60,85.09,100,15.60,69.34
336,elementwise_kernel,67.41,132,61.08,61.08,85.86,100,11.11,50.68
337,sm80_xmma_gemm_f32f32_f32f32_f32_nt_n_tilesize64x128x8_stage3_warpsize1x4x1_ffma_aligna4_alignc4_execute_kernel__5x_cublas,84.64,132,59.04,40.52,12.25,12.50,0,19.48
338,sm80_xmma_gemm_f32f32_f32f32_f32_tn_n_tilesize64x64x8_stage3_warpsize1x4x1_ffma_aligna4_alignc4_execute_kernel__5x_cublas,75.85,132,85.67,33.32,23.38,25,0,69.67
339,elementwise_kernel,64.39,132,38.29,38.29,81.39,100,0,52.38
340,elementwise_kernel,63.65,132,37.77,37.77,80.96,100,0,53.38
341,CatArrayBatchedCopy,50.17,132,53.08,41.23,82.78,100,0,70.90
342,sm80_xmma_gemm_f32f32_f32f32_f32_tn_n_tilesize128x64x8_stage3_warpsize2x2x1_ffma_aligna4_alignc4_execute_kernel__5x_cublas,78.55,132,75.36,9.18,12.41,12.50,3.99,85.44
343,Kernel,82.99,132,34.33,5.80,12.46,12.50,5.50,68.23
344,reduce_kernel,11.88,132,49.46,49.46,53.49,56.25,7.20,10.56
345,vectorized_elementwise_kernel,0.04,132,9.24,0.11,6.08,100,0,98.51
346,vectorized_elementwise_kernel,8.53,132,30.51,30.51,68.96,100,0,55.21
347,layer_norm_grad_input_kernel,52.96,132,66.36,61.57,88.37,100,79.81,40.31
348,GammaBetaBackwardCUDAKernel_32x32,9.51,132,35.57,35.57,50.25,100,0.09,9.76
349,vectorized_elementwise_kernel,11.01,132,76.58,76.58,82.76,100,29.24,37.14
350,vectorized_elementwise_kernel,0.01,132,9.26,0.06,6.26,100,0,99.03
351,vectorized_elementwise_kernel,0.02,132,9.68,0.06,7.28,100,0,99.19
352,vectorized_elementwise_kernel,14.07,132,62.25,62.25,80.93,100,0,50.65
353,sm80_xmma_gemm_f32f32_f32f32_f32_tn_n_tilesize128x128x8_stage3_warpsize2x2x1_ffma_aligna4_alignc4_execute_kernel__5x_cublas,86.10,132,67.25,7.70,12.48,12.50,11.86,89.16
354,Kernel,85.32,132,35.56,6.23,12.47,12.50,7.08,72.19
355,reduce_kernel,8.11,132,31.37,31.37,36.04,56.25,7.38,11.78
356,vectorized_elementwise_kernel,0.02,132,9.75,0.06,8.52,100,0,99.19
357,vectorized_elementwise_kernel,9.71,132,35.71,35.71,69.18,100,0,54.23
358,vectorized_elementwise_kernel,9.96,132,89.91,89.91,86.75,100,0,37.98
359,vectorized_elementwise_kernel,9.93,132,89.35,89.35,86.53,100,0,37.21
360,vectorized_elementwise_kernel,9.85,132,88.60,88.60,86.80,100,0,37.04
361,vectorized_elementwise_kernel,11.79,132,83.82,83.82,82.43,100,0,52.77
362,vectorized_elementwise_kernel,11.60,132,82.50,82.50,82.57,100,0,52.07
363,vectorized_elementwise_kernel,11.53,132,81.99,81.99,84.29,100,0,53.14
364,vectorized_elementwise_kernel,11.71,132,83.40,83.40,83.57,100,0,53.28
365,vectorized_elementwise_kernel,9.84,132,88.90,88.90,85.63,100,0,36.24
366,vectorized_elementwise_kernel,9.94,132,88.92,88.92,86.34,100,24.16,35.36
367,vectorized_elementwise_kernel,11.76,132,83.61,83.61,83.63,100,0,53.06
368,vectorized_elementwise_kernel,10.08,132,90.08,90.08,87.03,100,24.45,35.64
369,sm80_xmma_gemm_f32f32_f32f32_f32_tn_n_tilesize128x128x8_stage3_warpsize2x2x1_ffma_aligna4_alignc4_execute_kernel__5x_cublas,80.74,132,63.43,30.18,12.45,12.50,10.37,61.48
370,Kernel,85.33,132,35.57,6.96,12.47,12.50,7.08,69.08
371,reduce_kernel,11.97,132,59.56,59.56,50.53,56.25,5.53,7.43
372,vectorized_elementwise_kernel,0.05,132,9.35,0.14,6.32,100,0,98.31
373,vectorized_elementwise_kernel,9.74,132,35.72,35.72,71.23,100,0,52.04
374,layer_norm_grad_input_kernel,52.36,132,65.58,60.49,88.59,100,79.77,39.82
375,GammaBetaBackwardCUDAKernel_32x32,9.44,132,35.31,35.31,49.45,100,0.09,9.30
376,vectorized_elementwise_kernel,11.12,132,76.89,76.89,82.38,100,29.46,38.45
377,vectorized_elementwise_kernel,0.01,132,9.61,0.06,5.10,100,0,99.15
378,vectorized_elementwise_kernel,0.01,132,9.50,0.06,6.08,100,0,99.17
379,vectorized_elementwise_kernel,14.96,132,65.99,65.99,81.71,100,0,50.20
380,sm80_xmma_gemm_f32f32_f32f32_f32_tn_n_tilesize128x64x8_stage3_warpsize2x2x1_ffma_aligna4_alignc4_execute_kernel__5x_cublas,77.22,132,73.85,9.39,12.44,12.50,3.08,87.12
381,Kernel,85.49,132,35.05,6.29,12.50,12.50,0,62.42
382,splitKreduce_kernel,17.13,132,40.44,40.44,83.97,100,0,19.60
383,reduce_kernel,8.13,132,31.44,31.44,35.43,56.25,7.38,13.38
384,vectorized_elementwise_kernel,0.01,132,9.27,0.06,7.08,100,0,99.10
385,vectorized_elementwise_kernel,5.45,132,18.17,15.80,42.82,100,0,61.36
386,elementwise_kernel,64.87,132,38.91,38.91,83.19,100,0,58.67
387,sm80_xmma_gemm_f32f32_f32f32_f32_nt_n_tilesize128x64x8_stage3_warpsize2x2x1_ffma_aligna4_alignc4_execute_kernel__5x_cublas,84.33,132,58.79,40.36,12.24,12.50,0.04,25.53
388,sm80_xmma_gemm_f32f32_f32f32_f32_tn_n_tilesize128x128x8_stage3_warpsize2x2x1_ffma_aligna4_alignc4_execute_kernel__5x_cublas,64.31,132,51.19,26.20,12.45,12.50,0.73,92.98
389,vectorized_elementwise_kernel,14.16,132,89.16,89.16,85.84,100,0,47.84
390,vectorized_elementwise_kernel,9.73,132,91.07,91.07,88.04,100,0,35.59
391,softmax_warp_backward,13.55,132,90.82,90.82,50.64,56.25,0,35.47
392,vectorized_elementwise_kernel,0.01,132,11.15,0.03,5.70,100,0,99.56
393,elementwise_kernel,81.70,132,48.81,48.81,84.94,100,15.61,69.45
394,elementwise_kernel,67.47,132,61.12,61.12,86.19,100,11.11,50.51
395,sm80_xmma_gemm_f32f32_f32f32_f32_nt_n_tilesize64x128x8_stage3_warpsize1x4x1_ffma_aligna4_alignc4_execute_kernel__5x_cublas,84.61,132,59.02,40.52,12.24,12.50,0,19.44
396,sm80_xmma_gemm_f32f32_f32f32_f32_tn_n_tilesize64x64x8_stage3_warpsize1x4x1_ffma_aligna4_alignc4_execute_kernel__5x_cublas,76.08,132,85.93,33.45,23.39,25,0,69.71
397,elementwise_kernel,63.74,132,37.45,37.45,81.71,100,0,52.33
398,elementwise_kernel,64.82,132,38.29,38.29,80.64,100,0,53.62
399,CatArrayBatchedCopy,52.87,132,55.33,43.48,82.58,100,0,72.17
400,sm80_xmma_gemm_f32f32_f32f32_f32_tn_n_tilesize128x64x8_stage3_warpsize2x2x1_ffma_aligna4_alignc4_execute_kernel__5x_cublas,78.52,132,75.32,9.14,12.49,12.50,7.25,87.25
401,Kernel,83.05,132,34.35,5.80,12.47,12.50,5.50,68.06
402,reduce_kernel,12.06,132,50.19,50.19,51.06,56.25,7.18,10.01
403,vectorized_elementwise_kernel,0.04,132,9.45,0.12,5.92,100,0,98.49
404,vectorized_elementwise_kernel,8.79,132,31.45,31.45,72.03,100,0,54.27
405,layer_norm_grad_input_kernel,53.41,132,67.08,61.57,91.53,100,79.76,45.64
406,GammaBetaBackwardCUDAKernel_32x32,9.31,132,35.00,35.00,49.98,100,0.09,10.55
407,vectorized_elementwise_kernel,10.97,132,76.09,76.09,85.31,100,29.40,39.00
408,vectorized_elementwise_kernel,0.01,132,9.48,0.06,5.95,100,0,99.13
409,vectorized_elementwise_kernel,0.01,132,9.55,0.06,6.16,100,0,99.03
410,vectorized_elementwise_kernel,15.27,132,67.64,67.64,81.96,100,0,49.74
411,sm80_xmma_gemm_f32f32_f32f32_f32_tn_n_tilesize128x128x8_stage3_warpsize2x2x1_ffma_aligna4_alignc4_execute_kernel__5x_cublas,86.11,132,67.33,7.73,12.45,12.50,11.54,89.48
412,Kernel,85.36,132,35.58,6.26,12.48,12.50,7.08,72.06
413,reduce_kernel,8.13,132,31.42,31.42,33.98,56.25,7.42,11.58
414,vectorized_elementwise_kernel,0.01,132,9.59,0.06,5.78,100,0,99.03
415,vectorized_elementwise_kernel,9.59,132,35.31,35.31,68.85,100,0,53.89
416,vectorized_elementwise_kernel,9.86,132,89.02,89.02,86.76,100,0,38.72
417,vectorized_elementwise_kernel,9.89,132,89.11,89.11,87.47,100,0,37.31
418,vectorized_elementwise_kernel,9.92,132,89.39,89.39,87.20,100,0,37.24
419,vectorized_elementwise_kernel,11.81,132,83.74,83.74,83.29,100,0,52.55
420,vectorized_elementwise_kernel,11.59,132,82.44,82.44,82.97,100,0,51.70
421,vectorized_elementwise_kernel,11.54,132,81.92,81.92,83.39,100,0,52.50
422,vectorized_elementwise_kernel,11.81,132,84.33,84.33,83.60,100,0,53.25
423,vectorized_elementwise_kernel,9.88,132,89.20,89.20,87.84,100,0,36.56
424,vectorized_elementwise_kernel,10.00,132,89.36,89.36,86.22,100,24.39,35.30
425,vectorized_elementwise_kernel,11.60,132,82.53,82.53,84.88,100,0,52.97
426,vectorized_elementwise_kernel,10.00,132,89.34,89.34,87.01,100,24.41,35.58
427,sm80_xmma_gemm_f32f32_f32f32_f32_tn_n_tilesize128x128x8_stage3_warpsize2x2x1_ffma_aligna4_alignc4_execute_kernel__5x_cublas,80.81,132,63.50,30.52,12.45,12.50,10.36,61.46
428,Kernel,85.35,132,35.58,6.91,12.47,12.50,7.08,68.25
429,reduce_kernel,11.94,132,59.26,59.26,51.90,56.25,5.51,7.67
430,vectorized_elementwise_kernel,0.05,132,9.57,0.15,5.98,100,0,98.07
431,vectorized_elementwise_kernel,9.65,132,35.55,35.55,71.59,100,0,53.56
432,layer_norm_grad_input_kernel,51.22,132,64.13,58.93,88.70,100,79.65,41.29
433,GammaBetaBackwardCUDAKernel_32x32,9.47,132,35.40,35.40,50.29,100,0.09,10.40
434,vectorized_elementwise_kernel,10.73,132,74.09,74.09,84.07,100,29.34,38.01
435,vectorized_elementwise_kernel,0.01,132,9.19,0.06,7.72,100,0,99.02
436,vectorized_elementwise_kernel,0.02,132,9.98,0.07,6.13,100,0,99.00
437,vectorized_elementwise_kernel,14.78,132,65.60,65.60,81.06,100,0,50.30
438,sm80_xmma_gemm_f32f32_f32f32_f32_tn_n_tilesize128x64x8_stage3_warpsize2x2x1_ffma_aligna4_alignc4_execute_kernel__5x_cublas,77.06,132,73.73,9.51,12.44,12.50,2.59,87.33
439,Kernel,85.34,132,34.97,6.28,12.47,12.50,0,64.64
440,splitKreduce_kernel,17.14,132,40.49,40.49,86.94,100,0,18.33
441,reduce_kernel,7.96,132,30.74,30.74,35.93,56.25,7.40,13.28
442,vectorized_elementwise_kernel,0.02,132,9.67,0.06,5.41,100,0,99.15
443,vectorized_elementwise_kernel,5.39,132,17.97,15.58,38.18,100,0,60.76
444,elementwise_kernel,65.21,132,38.71,38.71,81.90,100,0,55.33
445,sm80_xmma_gemm_f32f32_f32f32_f32_nt_n_tilesize128x64x8_stage3_warpsize2x2x1_ffma_aligna4_alignc4_execute_kernel__5x_cublas,84.57,132,58.96,40.47,12.22,12.50,0,23.83
446,sm80_xmma_gemm_f32f32_f32f32_f32_tn_n_tilesize128x128x8_stage3_warpsize2x2x1_ffma_aligna4_alignc4_execute_kernel__5x_cublas,64.58,132,51.41,26.31,12.44,12.50,1.12,93.00
447,vectorized_elementwise_kernel,14.16,132,89.11,89.11,85.71,100,0,47.61
448,vectorized_elementwise_kernel,9.78,132,91.58,91.58,87.62,100,0,35.72
449,softmax_warp_backward,13.53,132,90.67,90.67,50.73,56.25,0,35.29
450,vectorized_elementwise_kernel,0.01,132,10.82,0.03,5.77,100,0,99.51
451,elementwise_kernel,81.51,132,48.64,48.64,84.98,100,15.60,69.51
452,elementwise_kernel,67.54,132,61.26,61.26,86.23,100,11.11,50.54
453,sm80_xmma_gemm_f32f32_f32f32_f32_nt_n_tilesize64x128x8_stage3_warpsize1x4x1_ffma_aligna4_alignc4_execute_kernel__5x_cublas,84.60,132,59.00,40.51,12.30,12.50,0,18.21
454,sm80_xmma_gemm_f32f32_f32f32_f32_tn_n_tilesize64x64x8_stage3_warpsize1x4x1_ffma_aligna4_alignc4_execute_kernel__5x_cublas,76.05,132,85.91,33.44,23.38,25,0,69.72
455,elementwise_kernel,64.65,132,38.42,38.42,81.35,100,0,52.09
456,elementwise_kernel,64.70,132,38.41,38.41,81.03,100,0,54.78
457,CatArrayBatchedCopy,50.30,132,53.74,41.38,81.80,100,0,71.04
458,sm80_xmma_gemm_f32f32_f32f32_f32_tn_n_tilesize128x64x8_stage3_warpsize2x2x1_ffma_aligna4_alignc4_execute_kernel__5x_cublas,78.51,132,75.31,9.26,12.42,12.50,5.01,83.57
459,Kernel,83.05,132,34.35,5.80,12.47,12.50,5.50,70.27
460,reduce_kernel,11.95,132,49.61,49.61,51.95,56.25,7.22,10.49
461,vectorized_elementwise_kernel,0.04,132,9.56,0.12,6.16,100,0,98.51
462,vectorized_elementwise_kernel,8.62,132,30.85,30.85,66.35,100,0,53.46
463,layer_norm_grad_input_kernel,52.88,132,66.17,61.61,90.07,100,79.88,40.62
464,GammaBetaBackwardCUDAKernel_32x32,9.53,132,35.62,35.62,49.97,100,0.09,11.06
465,vectorized_elementwise_kernel,10.80,132,75.03,75.03,82.61,100,29.46,37.88
466,vectorized_elementwise_kernel,0.01,132,9.44,0.06,6.52,100,0,99.04
467,vectorized_elementwise_kernel,0.01,132,9.60,0.06,7.16,100,0,99.08
468,vectorized_elementwise_kernel,14.50,132,64.25,64.25,81.36,100,0,49.57
469,sm80_xmma_gemm_f32f32_f32f32_f32_tn_n_tilesize128x128x8_stage3_warpsize2x2x1_ffma_aligna4_alignc4_execute_kernel__5x_cublas,86.06,132,67.28,7.72,12.47,12.50,11.53,88.22
470,Kernel,85.28,132,35.55,6.24,12.48,12.50,7.08,71.12
471,reduce_kernel,8.03,132,31.10,31.10,34.53,56.25,7.40,11.41
472,vectorized_elementwise_kernel,0.01,132,9.34,0.06,5.99,100,0,99.10
473,vectorized_elementwise_kernel,9.53,132,35.11,35.11,68.42,100,0,52.79
474,vectorized_elementwise_kernel,9.93,132,89.54,89.54,87.10,100,0,38.15
475,vectorized_elementwise_kernel,9.94,132,89.42,89.42,85.29,100,0,37.45
476,vectorized_elementwise_kernel,10.07,132,90.64,90.64,87.63,100,0,37.02
477,vectorized_elementwise_kernel,11.59,132,82.59,82.59,83.87,100,0,52.94
478,vectorized_elementwise_kernel,11.75,132,83.61,83.61,82.49,100,0,52.49
479,vectorized_elementwise_kernel,11.62,132,82.73,82.73,83.07,100,0,52.69
480,vectorized_elementwise_kernel,11.69,132,83.24,83.24,85.44,100,0,53.10
481,vectorized_elementwise_kernel,9.90,132,89.29,89.29,86.91,100,0,36.71
482,vectorized_elementwise_kernel,10.03,132,89.63,89.63,87.47,100,23.44,35.09
483,vectorized_elementwise_kernel,11.67,132,82.94,82.94,81.76,100,0,52.57
484,vectorized_elementwise_kernel,10.06,132,89.85,89.85,87.20,100,24.45,35.76
485,sm80_xmma_gemm_f32f32_f32f32_f32_tn_n_tilesize128x128x8_stage3_warpsize2x2x1_ffma_aligna4_alignc4_execute_kernel__5x_cublas,80.46,132,63.22,30.27,12.49,12.50,10.74,61.37
486,Kernel,85.37,132,35.59,6.98,12.44,12.50,7.08,70.06
487,reduce_kernel,11.85,132,59.08,59.08,51.08,56.25,5.52,7.13
488,vectorized_elementwise_kernel,0.05,132,9.77,0.15,7.06,100,0,98.31
489,vectorized_elementwise_kernel,9.68,132,35.68,35.68,69.09,100,0,52.82
490,layer_norm_grad_input_kernel,51.92,132,64.98,60.10,86.66,100,79.55,39.73
491,GammaBetaBackwardCUDAKernel_32x32,9.53,132,35.62,35.62,49.13,100,0.09,10.22
492,vectorized_elementwise_kernel,11.02,132,76.56,76.56,83.51,100,29.38,37.79
493,vectorized_elementwise_kernel,0.02,132,9.83,0.06,7.84,100,0,99.15
494,vectorized_elementwise_kernel,0.01,132,9.59,0.06,6.33,100,0,99.13
495,vectorized_elementwise_kernel,14.91,132,65.88,65.88,79.94,100,0,49.63
496,sm80_xmma_gemm_f32f32_f32f32_f32_tn_n_tilesize128x64x8_stage3_warpsize2x2x1_ffma_aligna4_alignc4_execute_kernel__5x_cublas,76.90,132,73.57,9.34,12.37,12.50,2.81,89.31
497,Kernel,85.48,132,35.04,6.28,12.50,12.50,0,63.80
498,splitKreduce_kernel,16.63,132,39.32,39.32,82.86,100,0,18.72
499,reduce_kernel,8.09,132,31.27,31.27,37.41,56.25,7.39,13.73
500,vectorized_elementwise_kernel,0.02,132,9.82,0.06,5.54,100,0,99.12
501,vectorized_elementwise_kernel,5.52,132,18.35,15.96,39.34,100,0,61.76
502,elementwise_kernel,65.55,132,39.02,39.02,83.09,100,0,55.74
503,sm80_xmma_gemm_f32f32_f32f32_f32_nt_n_tilesize128x64x8_stage3_warpsize2x2x1_ffma_aligna4_alignc4_execute_kernel__5x_cublas,84.22,132,58.72,40.31,12.25,12.50,0.16,23.67
504,sm80_xmma_gemm_f32f32_f32f32_f32_tn_n_tilesize128x128x8_stage3_warpsize2x2x1_ffma_aligna4_alignc4_execute_kernel__5x_cublas,64.44,132,51.28,26.27,12.41,12.50,0.70,92.28
505,vectorized_elementwise_kernel,14.18,132,89.19,89.19,85.71,100,0,47.74
506,vectorized_elementwise_kernel,9.75,132,91.19,91.19,87.18,100,0,35.63
507,softmax_warp_backward,13.53,132,90.76,90.76,50.60,56.25,0,35.64
508,vectorized_elementwise_kernel,0.01,132,11.49,0.04,5.58,100,0,99.54
509,elementwise_kernel,81.63,132,48.68,48.68,85.02,100,15.60,69.41
510,elementwise_kernel,67.63,132,61.26,61.26,86.37,100,11.11,50.46
511,sm80_xmma_gemm_f32f32_f32f32_f32_nt_n_tilesize64x128x8_stage3_warpsize1x4x1_ffma_aligna4_alignc4_execute_kernel__5x_cublas,84.67,132,59.05,40.56,12.25,12.50,0,19.07
512,sm80_xmma_gemm_f32f32_f32f32_f32_tn_n_tilesize64x64x8_stage3_warpsize1x4x1_ffma_aligna4_alignc4_execute_kernel__5x_cublas,76.06,132,85.92,33.46,23.38,25,0.00,69.62
513,elementwise_kernel,64.24,132,38.07,38.07,82.40,100,0,52.49
514,elementwise_kernel,63.57,132,37.86,37.86,81.60,100,0,52.89
515,CatArrayBatchedCopy,52.43,132,55.73,43.15,82.79,100,0,71.66
516,sm80_xmma_gemm_f32f32_f32f32_f32_tn_n_tilesize128x64x8_stage3_warpsize2x2x1_ffma_aligna4_alignc4_execute_kernel__5x_cublas,78.60,132,75.41,9.14,12.41,12.50,5.10,85.53
517,Kernel,82.97,132,34.32,5.79,12.46,12.50,5.50,71.06
518,reduce_kernel,12.24,132,50.84,50.84,52.16,56.25,7.18,10.74
519,vectorized_elementwise_kernel,0.04,132,9.89,0.12,6.71,100,0,98.59
520,vectorized_elementwise_kernel,8.06,132,28.84,28.84,65.99,100,0,53.28
521,layer_norm_grad_input_kernel,52.25,132,65.39,60.63,88.93,100,79.65,40.06
522,GammaBetaBackwardCUDAKernel_32x32,9.45,132,35.32,35.32,50.51,100,0.09,9.79
523,vectorized_elementwise_kernel,11.00,132,76.20,76.20,82.79,100,29.35,38.27
524,vectorized_elementwise_kernel,0.02,132,10.08,0.06,5.03,100,0,99.17
525,vectorized_elementwise_kernel,0.01,132,9.30,0.06,6.14,100,0,99.10
526,vectorized_elementwise_kernel,14.80,132,65.61,65.61,80.36,100,0,49.84
527,sm80_xmma_gemm_f32f32_f32f32_f32_tn_n_tilesize128x128x8_stage3_warpsize2x2x1_ffma_aligna4_alignc4_execute_kernel__5x_cublas,86.09,132,67.30,7.73,12.46,12.50,12.06,88.88
528,Kernel,85.31,132,35.56,6.24,12.47,12.50,7.08,71.91
529,reduce_kernel,8.06,132,31.13,31.13,36.44,56.25,7.39,11.39
530,vectorized_elementwise_kernel,0.01,132,9.59,0.06,5.98,100,0,99.08
531,vectorized_elementwise_kernel,9.62,132,35.48,35.48,67.97,100,0,53.33
532,vectorized_elementwise_kernel,10.04,132,90.61,90.61,87.22,100,0,37.69
533,vectorized_elementwise_kernel,9.89,132,89.03,89.03,86.30,100,0,37.16
534,vectorized_elementwise_kernel,9.91,132,89.28,89.28,86.67,100,0,37.15
535,vectorized_elementwise_kernel,11.70,132,83.18,83.18,84.52,100,0,53.10
536,vectorized_elementwise_kernel,11.76,132,83.73,83.73,83.92,100,0,52.15
537,vectorized_elementwise_kernel,11.63,132,82.89,82.89,84.52,100,0,52.60
538,vectorized_elementwise_kernel,11.58,132,82.26,82.26,81.38,100,0,53.10
539,vectorized_elementwise_kernel,9.94,132,89.77,89.77,87.46,100,0,36.57
540,vectorized_elementwise_kernel,10.08,132,90.00,90.00,87.73,100,23.70,35.36
541,vectorized_elementwise_kernel,11.69,132,83.10,83.10,81.83,100,0,53.53
542,vectorized_elementwise_kernel,10.00,132,89.39,89.39,87.17,100,24.47,35.94
543,sm80_xmma_gemm_f32f32_f32f32_f32_tn_n_tilesize128x128x8_stage3_warpsize2x2x1_ffma_aligna4_alignc4_execute_kernel__5x_cublas,80.75,132,63.45,29.98,12.50,12.50,10.69,59.81
544,Kernel,85.32,132,35.59,6.93,12.46,12.50,7.08,69.10
545,reduce_kernel,11.62,132,57.84,57.84,52.03,56.25,5.51,7.30
546,vectorized_elementwise_kernel,0.05,132,9.10,0.14,7.78,100,0,98.03
547,vectorized_elementwise_kernel,9.83,132,36.08,36.08,74.76,100,0,52.33
548,layer_norm_grad_input_kernel,51.91,132,65.06,60.37,90.34,100,79.89,39.62
549,GammaBetaBackwardCUDAKernel_32x32,9.31,132,34.86,34.86,50.35,100,0.09,8.19
550,vectorized_elementwise_kernel,10.69,132,73.75,73.75,82.13,100,29.34,37.87
551,vectorized_elementwise_kernel,0.02,132,9.97,0.07,6.18,100,0,99.14
552,vectorized_elementwise_kernel,0.02,132,9.87,0.06,6,100,0,99.10
553,vectorized_elementwise_kernel,14.96,132,66.35,66.35,81.26,100,0,48.51
554,sm80_xmma_gemm_f32f32_f32f32_f32_tn_n_tilesize128x64x8_stage3_warpsize2x2x1_ffma_aligna4_alignc4_execute_kernel__5x_cublas,76.92,132,73.59,9.26,12.39,12.50,2.78,89.39
555,Kernel,85.57,132,35.07,6.30,12.51,12.50,0,61.62
556,splitKreduce_kernel,16.75,132,39.55,39.55,84.84,100,0,17.30
557,reduce_kernel,7.91,132,30.57,30.57,34.96,56.25,7.41,13.99
558,vectorized_elementwise_kernel,0.02,132,9.89,0.06,5.80,100,0,99.00
559,vectorized_elementwise_kernel,5.51,132,18.34,15.96,39.91,100,0,62.97
560,elementwise_kernel,64.00,132,37.77,37.77,81.57,100,0,54.85
561,sm80_xmma_gemm_f32f32_f32f32_f32_nt_n_tilesize128x64x8_stage3_warpsize2x2x1_ffma_aligna4_alignc4_execute_kernel__5x_cublas,84.58,132,58.97,40.50,12.26,12.50,0,25.08
562,sm80_xmma_gemm_f32f32_f32f32_f32_tn_n_tilesize128x128x8_stage3_warpsize2x2x1_ffma_aligna4_alignc4_execute_kernel__5x_cublas,64.45,132,51.27,26.28,12.46,12.50,0.77,93.05
563,vectorized_elementwise_kernel,14.06,132,88.56,88.56,86.12,100,0,47.55
564,vectorized_elementwise_kernel,9.74,132,91.12,91.12,87.25,100,0,35.79
565,softmax_warp_backward,13.53,132,90.71,90.71,50.50,56.25,0,35.49
566,vectorized_elementwise_kernel,0.01,132,11.17,0.04,5.11,100,0,99.45
567,elementwise_kernel,81.78,132,48.78,48.78,85.04,100,15.61,69.55
568,elementwise_kernel,67.45,132,61.07,61.07,86.25,100,11.11,50.37
569,sm80_xmma_gemm_f32f32_f32f32_f32_nt_n_tilesize64x128x8_stage3_warpsize1x4x1_ffma_aligna4_alignc4_execute_kernel__5x_cublas,84.56,132,58.98,40.48,12.27,12.50,0.04,19.01
570,sm80_xmma_gemm_f32f32_f32f32_f32_tn_n_tilesize64x64x8_stage3_warpsize1x4x1_ffma_aligna4_alignc4_execute_kernel__5x_cublas,75.71,132,85.51,33.28,23.38,25,0.00,69.88
571,elementwise_kernel,64.41,132,38.09,38.09,82.67,100,0,52.04
572,elementwise_kernel,64.51,132,38.39,38.39,82.34,100,0,54.76
573,CatArrayBatchedCopy,52.41,132,55.33,43.13,81.83,100,0,72.12
574,sm80_xmma_gemm_f32f32_f32f32_f32_tn_n_tilesize128x64x8_stage3_warpsize2x2x1_ffma_aligna4_alignc4_execute_kernel__5x_cublas,78.56,132,75.37,9.09,12.44,12.50,7.36,85.60
575,Kernel,82.97,132,34.33,5.80,12.48,12.50,5.50,69.57
576,reduce_kernel,11.81,132,49.06,49.06,49.98,56.25,7.18,10.52
577,vectorized_elementwise_kernel,0.04,132,9.50,0.12,5.56,100,0,98.60
578,vectorized_elementwise_kernel,8.80,132,31.46,31.46,67.35,100,0,53.71
579,layer_norm_grad_input_kernel,52.04,132,65.21,60.75,89.33,100,79.81,40.14
580,GammaBetaBackwardCUDAKernel_32x32,9.43,132,35.26,35.26,51.12,100,0.09,9.15
581,vectorized_elementwise_kernel,10.85,132,75.43,75.43,79.17,100,29.53,38.05
582,vectorized_elementwise_kernel,0.02,132,9.66,0.06,6.48,100,0,99.15
583,vectorized_elementwise_kernel,0.01,132,9.62,0.06,7.63,100,0,98.89
584,vectorized_elementwise_kernel,14.70,132,64.77,64.77,79.69,100,0,50.00
585,sm80_xmma_gemm_f32f32_f32f32_f32_tn_n_tilesize128x128x8_stage3_warpsize2x2x1_ffma_aligna4_alignc4_execute_kernel__5x_cublas,86.12,132,67.33,7.72,12.45,12.50,12.20,89.26
586,Kernel,85.21,132,35.52,6.17,12.47,12.50,7.08,71.90
587,reduce_kernel,8.04,132,31.05,31.05,34.95,56.25,7.38,12.01
588,vectorized_elementwise_kernel,0.02,132,10.01,0.07,5.22,100,0,99.15
589,vectorized_elementwise_kernel,9.64,132,35.37,35.37,70.35,100,0,52.90
590,vectorized_elementwise_kernel,9.96,132,89.57,89.57,87.31,100,0,38.13
591,vectorized_elementwise_kernel,10.06,132,90.64,90.64,86.23,100,0,37.08
592,vectorized_elementwise_kernel,10.05,132,90.63,90.63,87.14,100,0,36.99
593,vectorized_elementwise_kernel,11.66,132,83.22,83.22,83.76,100,0,52.62
594,vectorized_elementwise_kernel,11.71,132,83.51,83.51,84.87,100,0,51.94
595,vectorized_elementwise_kernel,11.61,132,82.49,82.49,82.98,100,0,52.69
596,vectorized_elementwise_kernel,11.81,132,83.96,83.96,83.62,100,0,53.11
597,vectorized_elementwise_kernel,9.90,132,89.43,89.43,85.76,100,0,36.69
598,vectorized_elementwise_kernel,10.06,132,89.80,89.80,86.64,100,23.23,35.42
599,vectorized_elementwise_kernel,11.81,132,83.83,83.83,83.96,100,0,53.16
600,vectorized_elementwise_kernel,10.02,132,89.45,89.45,86.82,100,24.45,35.67
601,sm80_xmma_gemm_f32f32_f32f32_f32_tn_n_tilesize128x128x8_stage3_warpsize2x2x1_ffma_aligna4_alignc4_execute_kernel__5x_cublas,80.55,132,63.28,30.82,12.48,12.50,10.39,59.43
602,Kernel,85.21,132,35.55,6.96,12.47,12.50,7.08,69.51
603,reduce_kernel,11.73,132,58.29,58.29,51.54,56.25,5.53,7.02
604,vectorized_elementwise_kernel,0.05,132,10.00,0.15,7.11,100,0,98.18
605,vectorized_elementwise_kernel,9.52,132,34.94,34.94,71.96,100,0,52.44
606,layer_norm_grad_input_kernel,52.46,132,65.69,61.15,89.23,100,79.85,39.97
607,GammaBetaBackwardCUDAKernel_32x32,9.43,132,35.24,35.24,49.57,100,0.09,9.70
608,vectorized_elementwise_kernel,10.87,132,75.61,75.61,81.89,100,29.47,38.34
609,vectorized_elementwise_kernel,0.01,132,9.32,0.06,5.10,100,0,99.21
610,vectorized_elementwise_kernel,0.01,132,9.38,0.06,6.20,100,0,99.11
611,vectorized_elementwise_kernel,14.34,132,62.63,62.63,79.56,100,0,49.60
612,sm80_xmma_gemm_f32f32_f32f32_f32_tn_n_tilesize128x64x8_stage3_warpsize2x2x1_ffma_aligna4_alignc4_execute_kernel__5x_cublas,77.05,132,73.72,9.38,12.36,12.50,2.54,87.64
613,Kernel,85.51,132,35.05,6.29,12.51,12.50,0,61.46
614,splitKreduce_kernel,17.13,132,40.37,40.37,84.55,100,0,19.19
615,reduce_kernel,8.00,132,30.99,30.99,35.87,56.25,7.38,13.32
616,vectorized_elementwise_kernel,0.02,132,9.83,0.06,7.71,100,0,99.26
617,vectorized_elementwise_kernel,5.40,132,18.11,15.65,39.25,100,0,62.00
618,elementwise_kernel,64.73,132,38.69,38.69,83.02,100,0,55.79
619,sm80_xmma_gemm_f32f32_f32f32_f32_nt_n_tilesize128x64x8_stage3_warpsize2x2x1_ffma_aligna4_alignc4_execute_kernel__5x_cublas,84.54,132,58.94,40.47,12.27,12.50,0,24.71
620,sm80_xmma_gemm_f32f32_f32f32_f32_tn_n_tilesize128x128x8_stage3_warpsize2x2x1_ffma_aligna4_alignc4_execute_kernel__5x_cublas,64.28,132,51.16,26.22,12.44,12.50,0.90,93.00
621,vectorized_elementwise_kernel,14.15,132,89.11,89.11,86.77,100,0,47.53
622,vectorized_elementwise_kernel,9.77,132,91.43,91.43,87.33,100,0,35.68
623,softmax_warp_backward,13.54,132,90.69,90.69,50.87,56.25,0,35.48
624,vectorized_elementwise_kernel,0.01,132,11.20,0.04,5.63,100,0,99.56
625,elementwise_kernel,81.63,132,48.72,48.72,84.78,100,15.59,69.43
626,elementwise_kernel,67.60,132,61.23,61.23,85.97,100,11.11,50.68
627,sm80_xmma_gemm_f32f32_f32f32_f32_nt_n_tilesize64x128x8_stage3_warpsize1x4x1_ffma_aligna4_alignc4_execute_kernel__5x_cublas,84.65,132,59.05,40.55,12.31,12.50,0,19.53
628,sm80_xmma_gemm_f32f32_f32f32_f32_tn_n_tilesize64x64x8_stage3_warpsize1x4x1_ffma_aligna4_alignc4_execute_kernel__5x_cublas,76.11,132,85.96,33.43,23.39,25,0,69.57
629,elementwise_kernel,63.49,132,37.40,37.40,82.84,100,0,52.11
630,elementwise_kernel,64.93,132,38.37,38.37,82.36,100,0,53.56
631,CatArrayBatchedCopy,51.70,132,55.57,42.53,82.23,100,0,70.17
632,sm80_xmma_gemm_f32f32_f32f32_f32_tn_n_tilesize128x64x8_stage3_warpsize2x2x1_ffma_aligna4_alignc4_execute_kernel__5x_cublas,78.53,132,75.34,9.11,12.42,12.50,3.41,84.84
633,Kernel,83.03,132,34.34,5.80,12.48,12.50,5.50,68.68
634,reduce_kernel,12.64,132,52.20,52.20,49.81,56.25,7.09,10.77
635,vectorized_elementwise_kernel,0.04,132,9.78,0.12,6.18,100,0,98.56
636,vectorized_elementwise_kernel,8.41,132,30.13,30.13,59.83,100,0,54.67
637,layer_norm_grad_input_kernel,52.48,132,65.66,61.13,86.96,100,79.93,41.04
638,GammaBetaBackwardCUDAKernel_32x32,9.40,132,35.15,35.15,49.23,100,0.09,9.14
639,vectorized_elementwise_kernel,11.02,132,76.36,76.36,80.59,100,29.46,37.73
640,vectorized_elementwise_kernel,0.02,132,9.83,0.06,6.47,100,0,99.03
641,vectorized_elementwise_kernel,0.01,132,9.55,0.06,4.83,100,0,99.06
642,vectorized_elementwise_kernel,15.02,132,65.84,65.84,79.51,100,0,51.20
643,sm80_xmma_gemm_f32f32_f32f32_f32_tn_n_tilesize128x128x8_stage3_warpsize2x2x1_ffma_aligna4_alignc4_execute_kernel__5x_cublas,85.96,132,67.21,7.72,12.46,12.50,11.47,90.18
644,Kernel,85.30,132,35.55,6.13,12.46,12.50,7.08,73.98
645,reduce_kernel,7.95,132,30.75,30.75,35.06,56.25,7.40,11.92
646,vectorized_elementwise_kernel,0.02,132,9.86,0.06,6.00,100,0,99.15
647,vectorized_elementwise_kernel,9.74,132,35.85,35.85,68.52,100,0,53.55
648,vectorized_elementwise_kernel,9.89,132,89.05,89.05,87.73,100,0,38.07
649,vectorized_elementwise_kernel,9.83,132,88.58,88.58,87.02,100,0,37.03
650,vectorized_elementwise_kernel,9.91,132,89.23,89.23,87.62,100,0,37.48
651,vectorized_elementwise_kernel,11.55,132,82.19,82.19,83.27,100,0,52.43
652,vectorized_elementwise_kernel,11.50,132,82.00,82.00,82.33,100,0,52.04
653,vectorized_elementwise_kernel,11.64,132,82.67,82.67,84.33,100,0,52.08
654,vectorized_elementwise_kernel,11.60,132,82.33,82.33,84.35,100,0,52.88
655,vectorized_elementwise_kernel,9.89,132,89.11,89.11,86.54,100,0,36.66
656,vectorized_elementwise_kernel,9.98,132,89.22,89.22,86.80,100,22.08,35.12
657,vectorized_elementwise_kernel,11.65,132,82.93,82.93,81.94,100,0,53.09
658,vectorized_elementwise_kernel,9.99,132,89.27,89.27,88.46,100,23.40,35.52
659,sm80_xmma_gemm_f32f32_f32f32_f32_tn_n_tilesize128x128x8_stage3_warpsize2x2x1_ffma_aligna4_alignc4_execute_kernel__5x_cublas,80.92,132,63.58,30.56,12.49,12.50,10.23,60.14
660,Kernel,85.37,132,35.59,6.85,12.47,12.50,7.08,70.43
661,reduce_kernel,11.75,132,58.52,58.52,51.47,56.25,5.44,7.37
662,vectorized_elementwise_kernel,0.05,132,9.83,0.15,6.18,100,0,98.31
663,vectorized_elementwise_kernel,9.85,132,36.25,36.25,67.71,100,0,52.68
664,layer_norm_grad_input_kernel,53.21,132,66.58,61.76,89.53,100,79.73,39.88
665,GammaBetaBackwardCUDAKernel_32x32,9.35,132,35.06,35.06,50.02,100,0.09,8.64
666,vectorized_elementwise_kernel,10.80,132,74.95,74.95,81.24,100,29.30,37.56
667,vectorized_elementwise_kernel,0.01,132,9.54,0.06,5.69,100,0,99.15
668,vectorized_elementwise_kernel,0.02,132,10.09,0.07,6.13,100,0,99.12
669,vectorized_elementwise_kernel,14.52,132,62.42,62.42,80.81,100,0,49.69
670,sm80_xmma_gemm_f32f32_f32f32_f32_tn_n_tilesize128x64x8_stage3_warpsize2x2x1_ffma_aligna4_alignc4_execute_kernel__5x_cublas,77.01,132,73.67,9.24,12.39,12.50,2.80,87.76
671,Kernel,85.54,132,35.06,6.29,12.48,12.50,0,65.16
672,splitKreduce_kernel,17.00,132,40.12,40.12,82.22,100,0,18.90
673,reduce_kernel,7.93,132,30.65,30.65,35.94,56.25,7.40,13.63
674,vectorized_elementwise_kernel,0.01,132,9.17,0.06,5.23,100,0,99.08
675,vectorized_elementwise_kernel,5.43,132,18.25,15.78,39.81,100,0,62.21
676,elementwise_kernel,64.56,132,37.93,37.93,82.23,100,0,55.85
677,sm80_xmma_gemm_f32f32_f32f32_f32_nt_n_tilesize128x64x8_stage3_warpsize2x2x1_ffma_aligna4_alignc4_execute_kernel__5x_cublas,84.47,132,58.89,40.43,12.23,12.50,0,24.37
678,sm80_xmma_gemm_f32f32_f32f32_f32_tn_n_tilesize128x128x8_stage3_warpsize2x2x1_ffma_aligna4_alignc4_execute_kernel__5x_cublas,64.45,132,51.32,26.27,12.44,12.50,0.93,92.44
679,vectorized_elementwise_kernel,14.07,132,88.67,88.67,86.16,100,0,47.39
680,vectorized_elementwise_kernel,9.78,132,91.62,91.62,87.63,100,0,35.55
681,softmax_warp_backward,13.52,132,90.65,90.65,51.20,56.25,0,35.48
682,vectorized_elementwise_kernel,0.01,132,10.85,0.03,5.78,100,0,99.56
683,elementwise_kernel,81.37,132,48.57,48.57,84.72,100,15.59,69.55
684,elementwise_kernel,67.40,132,61.07,61.07,86.00,100,11.11,50.44
685,sm80_xmma_gemm_f32f32_f32f32_f32_nt_n_tilesize64x128x8_stage3_warpsize1x4x1_ffma_aligna4_alignc4_execute_kernel__5x_cublas,84.63,132,59.04,40.50,12.27,12.50,0,18.92
686,sm80_xmma_gemm_f32f32_f32f32_f32_tn_n_tilesize64x64x8_stage3_warpsize1x4x1_ffma_aligna4_alignc4_execute_kernel__5x_cublas,76.03,132,85.86,33.39,23.39,25,0.00,69.61
687,elementwise_kernel,64.58,132,38.00,38.00,81.90,100,0,53.32
688,elementwise_kernel,63.79,132,38.17,38.17,81.66,100,0,53.72
689,CatArrayBatchedCopy,52.81,132,55.97,43.40,82.84,100,0,71.90
690,sm80_xmma_gemm_f32f32_f32f32_f32_tn_n_tilesize128x64x8_stage3_warpsize2x2x1_ffma_aligna4_alignc4_execute_kernel__5x_cublas,78.57,132,75.36,9.14,12.42,12.50,4.70,83.46
691,Kernel,82.93,132,34.30,5.77,12.47,12.50,5.50,69.54
692,reduce_kernel,12.25,132,50.84,50.84,51.46,56.25,7.19,10.73
693,vectorized_elementwise_kernel,0.04,132,9.69,0.12,6.22,100,0,98.40
694,vectorized_elementwise_kernel,8.89,132,31.82,31.75,65.61,100,0,54.72
695,layer_norm_grad_input_kernel,51.96,132,65.09,60.56,90.30,100,79.42,40.39
696,GammaBetaBackwardCUDAKernel_32x32,9.57,132,35.79,35.79,49.38,100,0.09,7.74
697,vectorized_elementwise_kernel,11.00,132,76.30,76.30,83.07,100,29.47,38.38
698,vectorized_elementwise_kernel,0.01,132,9.10,0.06,6.30,100,0,99.16
699,vectorized_elementwise_kernel,0.02,132,9.90,0.06,6.89,100,0,99.10
700,vectorized_elementwise_kernel,14.97,132,65.27,65.27,80.79,100,0,49.90
701,reduce_kernel,10.47,132,54.83,54.83,35.41,56.25,12.10,21.20
702,vectorized_elementwise_kernel,8.08,132,23.58,0.03,50.44,100,0,99.21
703,embedding_backward_feature_kernel,3.83,132,3.46,3.46,50.00,100,32.65,48.93
704,vectorized_elementwise_kernel,6.04,132,20.59,18.87,50.78,100,0,59.11
705,elementwise_kernel_with_index,0.58,132,11.02,0.03,3.00,100,0,98.02
706,DeviceRadixSortHistogramKernel,22.09,132,10.94,0.41,37.50,43.75,0,92.09
707,DeviceRadixSortExclusiveSumKernel,0.14,132,9.12,0.18,12.92,100,50,97.49
708,DeviceRadixSortOnesweepKernel,0.70,132,3.42,0.48,18.84,18.75,8.18,88.02
709,DeviceRadixSortOnesweepKernel,0.75,132,3.45,0.51,18.46,18.75,8.16,86.89
710,DeviceRadixSortOnesweepKernel,0.49,132,3.66,0.55,18.65,18.75,1.11,86.45
711,DeviceRadixSortOnesweepKernel,0.48,132,3.60,0.54,18.67,18.75,1.11,86.24
712,DeviceRadixSortOnesweepKernel,0.50,132,3.74,0.56,18.22,18.75,1.11,86.31
713,DeviceRadixSortOnesweepKernel,0.50,132,3.78,0.57,18.33,18.75,1.11,86.73
714,DeviceRadixSortOnesweepKernel,0.47,132,3.54,0.53,17.98,18.75,1.11,86.63
715,DeviceRadixSortOnesweepKernel,0.49,132,3.66,0.55,19.12,18.75,1.11,86.22
716,vectorized_elementwise_kernel,23.71,132,79.87,79.87,11.84,100,0,99.69
717,DeviceCompactInitKernel,0.01,132,10.39,0.03,7.44,100,0,99.50
718,DeviceUniqueByKeySweepKernel,0.34,132,5.79,0.53,2.74,62.50,3.65,89.69
719,krn_partials_per_segment,0.32,132,8.43,0.09,2.95,50,36.07,98.73
720,DeviceScanInitKernel,0.01,132,10.10,0.03,6.07,100,0,99.58
721,DeviceScanKernel,0.25,132,6.62,0.52,5.98,75,0.11,92.10
722,compute_num_of_partial_segments,0.00,132,8.46,0.02,1.51,50,0,99.49
723,krn_partial_segment_offset,0.29,132,7.80,0.20,2.79,50,19.97,96.92
724,compute_grad_weight,48.40,132,21.35,21.35,58.45,75,33.95,18.20
725,sum_and_scatter,47.46,132,16.06,4.22,57.06,75,57.27,52.54
726,vectorized_elementwise_kernel,11.44,132,85.18,85.18,83.61,100,0,55.06
