ground_truth,Compute throughput,Memory throughput,DRAM throughput,Achieved occupancy,Maximum occupancy,L1 hit rate,L2 hit rate,slowdown
29535,51.68,64.9,61.52,89.79,100.0,79.58,37.6,0.0
46944,9.36,35.12,35.12,50.2,100.0,0.09,4.94,0.0
1568,0.01,8.47,0.06,6.19,100.0,0.0,99.06,0.0
1504,0.02,10.43,0.07,6.68,100.0,0.0,99.07,0.0
15968,15.09,66.3,66.3,82.48,100.0,0.0,47.56,0.0
774368,86.16,67.37,7.73,12.45,12.5,12.69,89.18,0.0
781088,85.35,35.58,6.23,12.47,12.5,7.08,71.65,0.0
22080,7.82,30.27,30.27,36.85,56.25,7.39,11.43,0.0
1664,0.02,9.8,0.06,6.77,100.0,0.0,99.17,0.0
5824,9.72,35.75,35.75,73.61,100.0,0.0,52.77,0.0
96864,9.89,89.21,89.21,87.46,100.0,0.0,37.27,0.1230910113075884
99680,9.88,88.9,88.9,87.8,100.0,0.0,36.75,0.6664526484751204
99328,9.81,88.55,88.55,87.15,100.0,0.0,37.06,0.0119201030927835
66304,11.57,82.2,82.2,82.53,100.0,0.0,52.95,0.0815787886100386
69375,11.78,84.05,84.05,83.36,100.0,0.0,52.5,0.0401441441441441
68641,11.79,83.8,83.8,84.8,100.0,0.0,52.35,0.0260974517952717
68800,11.75,83.52,83.52,84.12,100.0,0.0,53.22,0.0
100832,9.93,89.48,89.48,86.75,100.0,0.0,36.63,0.0
98720,9.93,88.86,88.86,87.02,100.0,23.29,35.38,0.0
67168,11.77,83.93,83.93,84.21,100.0,0.0,53.36,0.0
99840,9.91,88.53,88.53,85.83,100.0,24.46,35.57,0.0
830945,80.86,63.54,30.84,12.46,12.5,9.86,60.5,0.0
781408,85.28,35.55,6.85,12.47,12.5,7.08,70.05,0.0
51776,12.07,60.09,60.09,50.31,56.25,5.57,7.03,0.0
1792,0.05,9.02,0.14,6.28,100.0,0.0,98.04,0.0
6528,9.6,35.33,35.33,69.37,100.0,0.0,52.3,0.0
27712,52.83,66.23,61.44,88.67,100.0,79.76,39.0,0.5481139337952271
46336,9.45,35.33,35.33,50.33,100.0,0.09,10.98,0.0131215469613259
20544,10.69,74.21,74.21,82.35,100.0,29.42,37.95,0.0155763239875389
1856,0.01,9.53,0.06,7.03,100.0,0.0,99.1,0.0
1856,0.02,9.79,0.06,5.75,100.0,0.0,99.12,0.2241379310344828
16864,15.01,65.69,65.69,78.86,100.0,0.0,49.97,0.0113851992409867
229952,77.0,73.67,9.26,12.35,12.5,0.87,87.29,0.356727032949127
192064,85.45,35.03,6.29,12.51,12.5,0.0,64.31,0.0
6464,17.23,40.76,40.76,85.45,100.0,0.0,19.31,0.0
22688,7.94,30.75,30.75,35.79,56.25,7.38,14.18,0.0
1504,0.02,9.84,0.06,7.07,100.0,0.0,99.35,0.0
2784,5.49,18.61,15.94,39.63,100.0,0.0,63.7,0.0
23680,63.88,37.89,37.89,83.53,100.0,0.0,55.93,0.3253378378378379
147904,84.05,58.6,40.25,12.24,12.5,0.0,23.53,0.3052790999567287
218208,64.42,51.29,26.25,12.4,12.5,0.77,93.38,0.0157076426213871
150048,14.15,89.13,89.13,85.39,100.0,0.0,47.59,0.0
195936,9.77,91.36,91.36,87.98,100.0,0.0,35.54,0.0
197215,13.53,90.67,90.67,50.96,56.25,0.0,35.34,0.0
1472,0.01,11.48,0.04,5.6,100.0,0.0,99.56,0.0
158144,81.77,48.8,48.8,85.15,100.0,15.58,69.44,0.0
181440,67.39,61.12,61.12,86.28,100.0,11.11,50.43,0.0
147713,84.5,58.94,40.47,12.27,12.5,0.0,18.62,0.0
176832,75.9,85.73,33.37,23.4,25.0,0.0,69.35,0.0
23936,64.43,37.99,37.99,81.44,100.0,0.0,53.06,0.0
25152,64.02,38.21,38.21,83.13,100.0,0.0,53.74,0.0
81472,50.49,55.75,41.5,84.41,100.0,0.0,72.21,0.0
665984,78.49,75.3,9.21,12.4,12.5,3.02,87.44,0.0
598400,83.01,34.34,5.8,12.48,12.5,5.5,72.27,0.0
44737,11.93,49.52,49.52,49.55,56.25,7.2,10.24,0.0
1728,0.04,9.4,0.11,6.08,100.0,0.0,98.57,0.0
5312,8.63,30.91,30.91,67.79,100.0,0.0,55.33,0.0
27425,53.02,66.42,61.5,86.89,100.0,79.87,41.89,0.5852207564369377
46112,9.46,35.41,35.41,49.64,100.0,0.09,9.38,0.0145732130464954
20575,10.62,73.91,73.91,81.78,100.0,29.28,39.68,-0.0030619684082624
1921,0.02,9.81,0.07,4.83,100.0,0.0,99.15,0.0827693909422176
1728,0.01,9.57,0.06,6.39,100.0,0.0,99.1,-0.037037037037037
16448,14.96,66.9,66.9,80.19,100.0,0.0,49.29,0.0758754863813229
775552,86.0,67.24,7.71,12.46,12.5,12.2,89.52,0.0062750486337122
780512,85.24,35.53,6.17,12.48,12.5,7.08,72.11,0.0
22209,8.05,31.13,31.13,35.54,56.25,7.38,11.46,0.0
1536,0.02,9.67,0.06,7.64,100.0,0.0,99.15,0.0
5791,9.69,35.62,35.62,70.48,100.0,0.0,53.24,0.0
97249,9.95,89.64,89.64,85.83,100.0,0.0,37.94,-1.138462503470473
99424,9.95,89.65,89.65,86.93,100.0,0.0,37.02,0.0402317347924042
99968,9.94,89.73,89.73,85.83,100.0,0.0,37.36,0.0006402048655569
67424,11.74,83.57,83.57,82.48,100.0,0.0,52.56,0.0692928334124347
67456,11.83,84.62,84.62,85.13,100.0,0.0,52.74,0.0934535104364326
68640,11.51,81.75,81.75,83.31,100.0,0.0,53.06,0.0298368298368298
68544,11.72,83.06,83.06,83.18,100.0,0.0,52.86,-0.3762213218620782
101152,9.92,89.2,89.2,87.23,100.0,0.0,36.69,0.0
98656,10.08,90.01,90.01,88.05,100.0,24.44,35.26,0.0
68800,11.87,84.33,84.33,83.3,100.0,0.0,53.11,0.0
100064,10.02,89.49,89.49,87.27,100.0,24.49,35.71,0.0
831040,80.51,63.26,30.3,12.5,12.5,10.14,60.52,0.0
781473,85.39,35.6,6.9,12.49,12.5,7.08,69.08,0.0
51680,11.89,59.26,59.26,50.48,56.25,5.57,7.34,0.0
1760,0.05,9.26,0.14,6.44,100.0,0.0,98.21,0.0
6528,9.51,35.0,35.0,67.89,100.0,0.0,52.32,0.0
28640,53.65,67.2,62.38,88.96,100.0,79.81,40.54,-0.7875330785063217
45792,9.38,35.09,35.09,50.44,100.0,0.09,10.72,0.0321453529000698
20896,10.71,74.73,74.73,83.24,100.0,29.32,38.46,-0.0168453292496171
1888,0.02,9.64,0.06,5.79,100.0,0.0,99.1,0.0169491525423728
1792,0.02,9.89,0.06,5.2,100.0,0.0,99.11,0.1785714285714286
17888,14.85,65.97,65.97,81.91,100.0,0.0,49.95,-0.0644007155635062
229600,77.19,73.86,9.24,12.39,12.5,1.66,88.77,0.2474881931018453
192096,85.5,35.05,6.29,12.5,12.5,0.0,63.67,0.0
6496,17.44,41.15,41.15,83.73,100.0,0.0,18.87,0.0
23168,8.0,30.93,30.93,35.62,56.25,7.44,13.67,0.0
1536,0.02,9.73,0.06,6.06,100.0,0.0,99.08,0.0
2688,5.51,18.36,15.9,40.32,100.0,0.0,59.71,0.0
24288,64.3,38.19,38.19,83.75,100.0,0.0,59.15,0.1735495888419427
147904,84.44,58.87,40.45,12.26,12.5,0.04,25.29,0.3052236884989489
218880,64.55,51.38,26.31,12.38,12.5,1.0,92.16,0.0
151328,14.18,89.3,89.3,86.17,100.0,0.0,46.93,0.0
197408,9.75,91.22,91.22,87.5,100.0,0.0,35.63,0.0
197665,13.57,90.93,90.93,50.95,56.25,0.0,35.32,0.0
1760,0.01,10.67,0.03,5.58,100.0,0.0,99.53,0.0
157280,81.66,48.72,48.72,85.28,100.0,15.59,69.29,0.0
181633,67.45,61.1,61.1,86.44,100.0,11.11,50.57,0.0
148416,84.78,59.14,40.6,12.25,12.5,0.0,18.63,0.0
177696,76.1,85.95,33.42,23.4,25.0,0.0,69.54,0.0
23456,64.44,38.17,38.17,81.46,100.0,0.0,52.67,0.0
24864,64.64,38.11,38.11,82.44,100.0,0.0,53.38,0.0
82880,52.42,55.95,43.13,82.69,100.0,0.0,73.03,0.0
665888,78.97,75.76,9.14,12.43,12.5,2.92,84.86,0.0
598817,82.97,34.31,5.75,12.46,12.5,5.5,70.84,0.0
44864,12.12,50.44,50.44,51.82,56.25,7.21,10.15,0.0
1664,0.04,9.57,0.12,6.28,100.0,0.0,98.58,0.0
5216,8.8,31.41,31.41,73.28,100.0,0.0,53.93,0.0
27616,52.85,66.22,61.33,90.63,100.0,79.8,43.8,-0.7068992515110708
46176,9.53,35.69,35.69,50.12,100.0,0.09,10.9,0.0034650034650034
21120,11.02,76.43,76.43,83.4,100.0,29.32,37.94,0.0121212121212121
1952,0.02,9.91,0.07,5.69,100.0,0.0,99.06,-0.0491803278688524
1792,0.02,9.98,0.06,6.17,100.0,0.0,99.02,0.0535714285714285
16736,14.88,65.1,65.1,80.44,100.0,0.0,50.8,0.011472275334608
775072,86.06,67.29,7.71,12.47,12.5,11.44,89.57,0.0176440053302056
779969,85.34,35.57,6.0,12.48,12.5,7.08,73.66,0.0
21473,8.1,31.31,31.31,35.85,56.25,7.41,12.53,0.0
1504,0.01,9.49,0.06,5.84,100.0,0.0,98.98,0.0
5696,9.83,36.21,36.21,69.52,100.0,0.0,54.74,0.0
96896,10.03,90.44,90.44,85.78,100.0,0.0,38.32,-0.1369376019892765
100000,9.94,89.51,89.51,87.73,100.0,0.0,37.04,0.0224
99584,9.92,89.43,89.43,86.67,100.0,0.0,36.74,0.027966339974293
68320,11.69,83.2,83.2,82.12,100.0,0.0,52.37,0.0557377049180327
68864,11.72,83.42,83.42,83.13,100.0,0.0,51.95,0.0209107806691449
67296,11.66,82.92,82.92,83.38,100.0,0.0,52.36,0.1158395440114625
68928,11.78,83.6,83.6,82.48,100.0,0.0,53.3,0.0
100640,9.95,89.47,89.47,87.37,100.0,0.0,36.28,0.0
99104,9.94,88.86,88.86,87.58,100.0,24.44,35.47,0.0
68672,11.64,82.82,82.82,83.25,100.0,0.0,52.98,0.0
100032,9.95,88.92,88.92,87.3,100.0,24.34,35.53,0.0
834241,80.96,63.62,30.62,12.44,12.5,10.88,60.23,0.0
780288,85.31,35.56,6.91,12.48,12.5,7.08,69.75,0.0
52256,11.93,59.37,59.37,52.11,56.25,5.59,7.24,0.0
1728,0.04,8.54,0.13,5.73,100.0,0.0,98.12,0.0
6432,9.83,36.16,36.16,70.14,100.0,0.0,53.04,0.0
28288,53.96,67.6,62.33,89.32,100.0,79.88,40.16,0.3178026018099547
45984,9.37,35.08,35.08,50.28,100.0,0.09,8.85,0.0069589422407794
20480,10.99,75.79,75.79,82.32,100.0,29.47,37.23,0.0234375
1856,0.01,8.79,0.06,5.47,100.0,0.0,99.06,0.0
1792,0.02,9.69,0.06,6.16,100.0,0.0,99.15,0.0535714285714285
17088,14.9,65.4,65.4,78.03,100.0,0.0,48.74,0.0337078651685393
230208,77.14,73.81,9.28,12.42,12.5,6.83,88.39,0.4089236460382679
191904,85.6,35.1,6.29,12.51,12.5,0.0,64.66,0.0
6528,17.16,40.52,40.52,85.41,100.0,0.0,17.63,0.0
23136,7.98,30.86,30.86,35.99,56.25,7.41,13.93,0.0
1536,0.01,9.58,0.06,5.53,100.0,0.0,99.15,0.0
2784,5.38,17.94,15.56,36.41,100.0,0.0,59.87,0.0
23744,65.03,38.99,38.99,82.0,100.0,0.0,54.75,0.0716211012706969
147008,84.2,58.7,40.31,12.28,12.5,0.04,24.12,0.3771887278658325
219584,64.31,51.19,26.22,12.43,12.5,1.02,93.22,0.0
149921,14.15,89.05,89.05,85.8,100.0,0.0,47.23,0.0
197184,9.76,91.37,91.37,87.4,100.0,0.0,35.68,0.0
197504,13.52,90.68,90.68,50.58,56.25,0.0,35.38,0.0
1472,0.01,11.24,0.04,5.51,100.0,0.0,99.56,0.0
158144,81.56,48.65,48.65,85.0,100.0,15.59,69.19,0.0
181376,67.36,61.01,61.01,86.18,100.0,11.11,50.54,0.0
147296,84.62,59.01,40.5,12.21,12.5,0.0,18.6,0.0
176960,75.93,85.75,33.4,23.36,25.0,0.0,69.59,0.0
23360,64.59,38.31,38.31,81.36,100.0,0.0,52.28,0.0
24800,64.92,38.21,38.21,83.59,100.0,0.0,54.48,0.0
82560,52.07,55.99,42.81,82.12,100.0,0.0,72.73,0.0
665665,78.5,75.3,9.16,12.42,12.5,6.31,84.29,0.0
599648,82.96,34.32,5.79,12.49,12.5,5.5,67.74,0.0
43552,11.98,49.73,49.73,50.47,56.25,7.19,10.32,0.0
1760,0.04,9.43,0.12,5.79,100.0,0.0,98.44,0.0
5312,8.84,31.63,31.63,65.74,100.0,0.0,54.19,0.0
28256,52.93,66.23,61.61,88.33,100.0,79.69,41.1,-0.5125141562853908
45696,9.5,35.57,35.57,49.83,100.0,0.09,12.37,0.0217086834733893
20640,10.99,76.16,76.16,82.62,100.0,29.31,38.53,0.0
2016,0.01,9.5,0.06,5.51,100.0,0.0,99.04,0.0
1728,0.01,9.63,0.06,6.19,100.0,0.0,99.19,0.0555555555555555
16960,14.18,61.44,61.44,81.12,100.0,0.0,50.07,0.1169811320754717
775392,86.09,67.31,7.73,12.47,12.5,12.12,90.34,1.947043009482588e-05
780801,85.37,35.58,5.97,12.46,12.5,7.08,72.69,0.0
21535,8.05,31.09,31.09,35.72,56.25,7.41,11.62,0.0
1664,0.02,9.99,0.07,6.25,100.0,0.0,99.17,0.0
5728,9.69,35.77,35.77,67.78,100.0,0.0,54.79,0.0
97408,9.85,88.88,88.88,86.93,100.0,0.0,38.51,-0.6532917520193953
99424,9.92,89.5,89.5,86.99,100.0,0.0,38.42,0.0231835371741229
99713,9.92,89.42,89.42,87.05,100.0,0.0,36.33,0.0705926007641932
66880,11.78,83.86,83.86,82.62,100.0,0.0,52.44,0.0641148325358851
68448,11.63,82.79,82.79,82.09,100.0,0.0,51.67,0.0206020901479623
68960,11.73,83.31,83.31,84.57,100.0,0.0,52.39,0.0
67744,11.87,84.46,84.46,82.67,100.0,0.0,52.9,0.0
102112,9.91,89.24,89.24,86.87,100.0,0.0,36.93,0.0
97568,10.05,89.74,89.74,86.63,100.0,24.19,35.27,0.0
67616,11.61,82.7,82.7,83.21,100.0,0.0,52.82,0.0
100192,9.96,88.98,88.98,87.19,100.0,24.32,35.38,0.0
832832,80.61,63.34,30.52,12.45,12.5,10.7,60.04,0.0
780544,85.28,35.56,6.98,12.48,12.5,7.08,68.86,0.0
51488,11.97,59.66,59.66,50.6,56.25,5.54,7.49,0.0
1632,0.05,9.21,0.14,5.97,100.0,0.0,98.01,0.0
6464,9.83,36.14,36.14,69.6,100.0,0.0,52.83,0.0
28000,52.93,66.14,61.17,89.6,100.0,79.83,41.38,-0.1489714285714286
46368,9.5,35.55,35.55,49.99,100.0,0.09,10.27,0.0248662870945479
20448,10.86,75.59,75.59,81.92,100.0,29.23,37.88,0.001564945226917
1888,0.02,9.82,0.06,7.53,100.0,0.0,99.1,0.0169491525423728
1760,0.02,10.04,0.07,6.78,100.0,0.0,99.02,0.1090909090909091
17248,15.04,66.35,66.35,80.4,100.0,0.0,49.71,0.0798353432282003
229344,77.08,73.73,9.24,12.42,12.5,2.06,87.49,0.0069258042283207
191936,85.47,35.04,6.28,12.51,12.5,0.0,65.01,0.0
6720,16.65,39.3,39.3,92.24,100.0,0.0,18.55,0.0
21952,7.99,30.86,30.86,35.22,56.25,7.41,13.93,0.0
1600,0.01,9.34,0.06,6.08,100.0,0.0,99.01,0.0
2848,5.43,18.11,15.68,40.68,100.0,0.0,61.13,0.0
23680,65.17,38.75,38.75,83.09,100.0,0.0,55.29,0.3269398430688754
147808,84.4,58.84,40.41,12.26,12.5,0.04,23.39,0.4885643964859106
218880,64.26,51.15,26.22,12.43,12.5,0.83,92.79,0.0
150368,14.18,89.21,89.21,85.65,100.0,0.0,47.75,0.0
197631,9.74,91.13,91.13,86.45,100.0,0.0,35.89,0.0
196767,13.51,90.53,90.53,50.97,56.25,0.0,35.43,0.0
1728,0.01,10.88,0.03,5.63,100.0,0.0,99.51,0.0
158592,81.47,48.64,48.64,85.15,100.0,15.6,69.42,0.0
181440,67.66,61.36,61.36,86.33,100.0,11.11,50.6,0.0
147936,84.52,58.96,40.45,12.2,12.5,0.0,20.08,0.0
176832,76.11,85.96,33.42,23.4,25.0,0.0,69.59,0.0
23488,64.58,38.06,38.06,81.66,100.0,0.0,52.9,0.0
25600,64.75,37.78,37.78,81.91,100.0,0.0,53.52,0.0
82816,52.58,57.85,43.21,83.42,100.0,0.0,74.79,0.0
666272,78.51,75.3,9.2,12.43,12.5,7.77,87.43,0.0
599169,83.05,34.35,5.8,12.47,12.5,5.5,68.87,0.0
45216,12.44,51.49,51.49,50.47,56.25,7.19,9.94,0.0
1856,0.04,9.8,0.12,6.11,100.0,0.0,98.67,0.0
5248,8.92,31.85,31.85,67.27,100.0,0.0,54.26,0.0
27392,51.5,64.55,59.97,89.13,100.0,79.77,40.27,0.4855432242990654
47200,9.43,35.35,35.35,50.49,100.0,0.09,8.72,-0.0196610169491525
20320,10.94,76.28,76.28,81.22,100.0,29.43,37.69,0.0755905511811023
1856,0.01,8.86,0.06,6.44,100.0,0.0,99.15,0.0689655172413793
1760,0.02,9.88,0.06,6.05,100.0,0.0,99.17,1.709090909090909
17120,15.05,66.61,66.61,80.46,100.0,0.0,50.47,0.3383177570093458
774880,86.06,67.28,7.71,12.46,12.5,12.4,90.02,0.0126518325646765
780928,85.19,35.51,6.26,12.47,12.5,7.08,71.42,0.0
21633,7.92,30.61,30.61,34.12,56.25,7.45,11.94,0.0
1536,0.02,9.68,0.06,6.25,100.0,0.0,99.09,0.0
6304,9.7,35.64,35.64,73.19,100.0,0.0,52.96,0.0
96672,9.92,89.38,89.38,85.89,100.0,0.0,37.84,-0.0624379344587884
99872,9.87,89.01,89.01,87.77,100.0,0.0,37.12,0.0317206023710349
100256,9.93,89.65,89.65,87.53,100.0,0.0,37.05,0.0638365783593999
67904,11.55,82.25,82.25,82.87,100.0,0.0,52.13,0.0094250706880301
66944,11.57,82.51,82.51,82.64,100.0,0.0,51.95,0.0536162287069137
68960,11.86,84.22,84.22,82.37,100.0,0.0,52.38,0.0
68928,11.66,82.77,82.77,83.83,100.0,0.0,52.74,0.0
100768,9.91,89.33,89.33,87.06,100.0,0.0,36.86,0.0
99168,10.05,89.8,89.8,87.12,100.0,24.43,35.24,0.0
68288,11.81,83.77,83.77,81.78,100.0,0.0,53.0,0.0
100064,9.97,89.11,89.11,86.79,100.0,24.36,35.58,0.0
828929,80.5,63.26,30.26,12.48,12.5,9.94,60.55,0.0
780673,85.34,35.57,6.89,12.48,12.5,7.08,70.41,0.0
51936,11.68,58.08,58.08,53.52,56.25,5.51,7.61,0.0
1728,0.05,9.77,0.15,6.07,100.0,0.0,98.21,0.0
6528,9.27,34.13,34.13,69.11,100.0,0.0,52.99,0.0
28576,52.88,66.23,61.1,87.18,100.0,79.88,40.65,-0.2024197333783738
45280,9.43,35.27,35.27,49.35,100.0,0.09,9.66,0.0416961130742049
20544,11.01,76.65,76.65,83.4,100.0,29.44,38.5,0.0140673676012461
1824,0.01,9.0,0.06,6.64,100.0,0.0,99.21,-0.087719298245614
1728,0.01,9.04,0.06,6.14,100.0,0.0,99.04,0.037037037037037
17568,14.85,66.03,66.03,79.44,100.0,0.0,49.76,0.2094148451730419
229152,77.15,73.81,9.18,12.42,12.5,1.12,88.84,0.0286174422526552
191968,85.42,35.02,6.31,12.51,12.5,0.0,65.67,0.0
6816,16.43,38.79,38.79,85.09,100.0,0.0,18.97,0.0
22688,7.77,30.1,30.1,36.49,56.25,7.41,12.99,0.0
1536,0.01,9.18,0.06,5.06,100.0,0.0,99.1,0.0
2816,5.44,18.14,15.72,39.45,100.0,0.0,60.98,0.0
24224,65.44,38.6,38.6,81.68,100.0,0.0,58.41,-0.3083718626155879
146785,84.22,58.72,40.3,12.24,12.5,0.04,25.87,0.5873591770209668
219263,64.54,51.33,26.31,12.36,12.5,0.73,92.7,0.0
150881,14.05,88.41,88.41,85.0,100.0,0.0,48.19,0.0
197440,9.75,91.23,91.23,87.95,100.0,0.0,35.78,0.0
197408,13.52,90.62,90.62,51.06,56.25,0.0,35.15,0.0
1440,0.01,11.27,0.04,4.35,100.0,0.0,99.54,0.0
157248,81.61,48.72,48.72,85.2,100.0,15.6,69.4,0.0
181280,67.46,61.17,61.17,86.03,100.0,11.11,50.46,0.0
148640,84.45,58.9,40.45,12.25,12.5,0.0,19.02,0.0
176864,76.18,86.03,33.47,23.4,25.0,0.0,69.51,0.0
23840,63.37,37.34,37.34,81.65,100.0,0.0,52.11,0.0
24512,64.24,37.45,37.45,79.63,100.0,0.0,53.19,0.0
81856,52.46,56.69,43.19,83.43,100.0,0.0,73.93,0.0
665953,78.5,75.3,9.2,12.44,12.5,3.39,89.08,0.0
598560,83.05,34.35,5.8,12.49,12.5,5.5,69.19,0.0
44704,12.54,51.8,51.8,49.12,56.25,7.23,10.46,0.0
1728,0.04,9.89,0.12,5.6,100.0,0.0,98.46,0.0
5216,8.82,31.57,31.57,66.98,100.0,0.0,55.07,0.0
27776,52.76,66.09,61.23,90.92,100.0,79.94,41.01,0.3909206784978919
46304,9.34,34.93,34.93,49.55,100.0,0.09,9.3,0.0062197650310988
20704,11.02,76.04,76.04,82.19,100.0,29.48,39.0,0.0896445131375579
1856,0.01,9.29,0.06,5.89,100.0,0.0,98.84,0.1379310344827586
1824,0.02,9.82,0.06,5.18,100.0,0.0,99.19,1.087719298245614
16512,14.94,65.27,65.27,80.86,100.0,0.0,51.12,0.3662790697674418
775168,86.07,67.29,7.72,12.43,12.5,11.64,89.9,0.005583111073547
780833,85.34,35.57,6.21,12.47,12.5,7.08,72.81,0.0
21119,7.99,30.88,30.88,36.37,56.25,7.41,11.63,0.0
1600,0.02,9.74,0.06,7.69,100.0,0.0,99.1,0.0
5824,9.66,35.57,35.57,69.11,100.0,0.0,53.4,0.0
96896,9.98,89.79,89.79,86.31,100.0,0.0,37.76,-0.1018723209230852
99104,9.91,89.17,89.17,86.43,100.0,0.0,37.57,0.0455279302550855
100224,9.88,89.09,89.09,87.54,100.0,0.0,36.8,0.0561941251596424
67392,11.83,84.46,84.46,85.1,100.0,0.0,52.87,0.0389363722697056
68704,11.88,84.64,84.64,84.39,100.0,0.0,52.19,-0.0507221349458842
67552,11.66,82.64,82.64,83.07,100.0,0.0,52.54,0.0
69024,11.84,84.16,84.16,81.89,100.0,0.0,53.06,0.0
100640,9.95,89.75,89.75,87.01,100.0,0.0,36.39,0.0
99296,9.99,89.19,89.19,86.44,100.0,24.41,35.34,0.0
68192,11.9,84.39,84.39,83.71,100.0,0.0,53.34,0.0
99744,9.92,88.63,88.63,86.9,100.0,24.51,35.53,0.0
830465,80.62,63.34,30.98,12.49,12.5,10.79,60.5,0.0
780800,85.33,35.57,6.98,12.47,12.5,7.08,68.66,0.0
51968,11.79,58.67,58.67,51.79,56.25,5.54,7.18,0.0
1856,0.05,9.51,0.14,7.36,100.0,0.0,98.15,0.0
6496,9.62,35.42,35.42,68.41,100.0,0.0,53.26,0.0
27616,53.13,66.49,61.75,90.29,100.0,79.85,40.65,0.8574739281575897
45568,9.46,35.37,35.37,49.92,100.0,0.09,8.79,0.0280898876404494
20928,11.03,76.46,76.46,82.43,100.0,29.31,37.88,0.0092220948012232
2048,0.01,9.57,0.06,5.72,100.0,0.0,99.06,0.203125
1792,0.02,9.83,0.06,6.24,100.0,0.0,99.18,0.125
16992,14.99,65.93,65.93,82.3,100.0,0.0,50.13,0.3032015065913371
229440,77.15,73.82,9.54,12.45,12.5,2.36,88.53,-0.002387385988979
192224,85.6,35.09,6.3,12.51,12.5,0.0,62.16,0.0
7104,16.82,39.7,39.7,81.68,100.0,0.0,20.1,0.0
22561,8.02,30.99,30.99,35.76,56.25,7.33,13.83,0.0
1472,0.02,9.73,0.06,4.95,100.0,0.0,98.99,0.0
2720,5.5,18.37,15.95,39.24,100.0,0.0,62.29,0.0
23743,64.43,38.68,38.68,80.97,100.0,0.0,59.48,0.3998306267711987
147776,84.45,58.88,40.43,12.28,12.5,0.04,25.56,0.5242162751554872
219169,64.5,51.34,26.28,12.35,12.5,0.96,93.16,0.0
149984,14.1,88.76,88.76,86.0,100.0,0.0,47.85,0.0
197184,9.78,91.49,91.49,87.62,100.0,0.0,35.76,0.0
197600,13.55,90.87,90.87,51.0,56.25,0.0,35.44,0.0
1632,0.01,11.09,0.04,5.73,100.0,0.0,99.51,0.0
157952,81.39,48.6,48.6,85.09,100.0,15.6,69.34,0.0
180448,67.41,61.08,61.08,85.86,100.0,11.11,50.68,0.0
148064,84.64,59.04,40.52,12.25,12.5,0.0,19.48,0.0
176928,75.85,85.67,33.32,23.38,25.0,0.0,69.67,0.0
23456,64.39,38.29,38.29,81.39,100.0,0.0,52.38,0.0
24608,63.65,37.77,37.77,80.96,100.0,0.0,53.38,0.0
82048,50.17,53.08,41.23,82.78,100.0,0.0,70.9,0.0
665472,78.55,75.36,9.18,12.41,12.5,3.99,85.44,0.0
599041,82.99,34.33,5.8,12.46,12.5,5.5,68.23,0.0
43648,11.88,49.46,49.46,53.49,56.25,7.2,10.56,0.0
1696,0.04,9.24,0.11,6.08,100.0,0.0,98.51,0.0
5344,8.53,30.51,30.51,68.96,100.0,0.0,55.21,0.0
28320,52.96,66.36,61.57,88.37,100.0,79.81,40.31,-0.1818056035973712
45184,9.51,35.57,35.57,50.25,100.0,0.09,9.76,0.0290368271954674
20576,11.01,76.58,76.58,82.76,100.0,29.24,37.14,0.1866251944012442
1760,0.01,9.26,0.06,6.26,100.0,0.0,99.03,0.509090909090909
1696,0.02,9.68,0.06,7.28,100.0,0.0,99.19,0.0943396226415094
17376,14.07,62.25,62.25,80.93,100.0,0.0,50.65,0.1915285451197054
775137,86.1,67.25,7.7,12.48,12.5,11.86,89.16,-0.0359192443778858
780257,85.32,35.56,6.23,12.47,12.5,7.08,72.19,0.0
21953,8.11,31.37,31.37,36.04,56.25,7.38,11.78,0.0
1568,0.02,9.75,0.06,8.52,100.0,0.0,99.19,0.0
6304,9.71,35.71,35.71,69.18,100.0,0.0,54.23,0.0
95776,9.96,89.91,89.91,86.75,100.0,0.0,37.98,0.9995322418977616
98720,9.93,89.35,89.35,86.53,100.0,0.0,37.21,0.0560777957860615
98496,9.85,88.6,88.6,86.8,100.0,0.0,37.04,0.0721247563352826
66144,11.79,83.82,83.82,82.43,100.0,0.0,52.77,0.03870343492985
69280,11.6,82.5,82.5,82.57,100.0,0.0,52.07,0.0
68768,11.53,81.99,81.99,84.29,100.0,0.0,53.14,0.0
67488,11.71,83.4,83.4,83.57,100.0,0.0,53.28,0.0
101312,9.84,88.9,88.9,85.63,100.0,0.0,36.24,0.0
98816,9.94,88.92,88.92,86.34,100.0,24.16,35.36,0.0
68608,11.76,83.61,83.61,83.63,100.0,0.0,53.06,0.0
100096,10.08,90.08,90.08,87.03,100.0,24.45,35.64,0.0
834817,80.74,63.43,30.18,12.45,12.5,10.37,61.48,0.0
781248,85.33,35.57,6.96,12.47,12.5,7.08,69.08,0.0
51904,11.97,59.56,59.56,50.53,56.25,5.53,7.43,0.0
1952,0.05,9.35,0.14,6.32,100.0,0.0,98.31,0.0
6432,9.74,35.72,35.72,71.23,100.0,0.0,52.04,0.0
27808,52.36,65.58,60.49,88.59,100.0,79.77,39.82,0.5019954539461067
46464,9.44,35.31,35.31,49.45,100.0,0.09,9.3,-0.0048209366391184
20480,11.12,76.89,76.89,82.38,100.0,29.46,38.45,0.104638671875
2112,0.01,9.61,0.06,5.1,100.0,0.0,99.15,0.0303030303030303
1856,0.01,9.5,0.06,6.08,100.0,0.0,99.17,0.0
16672,14.96,65.99,65.99,81.71,100.0,0.0,50.2,0.2994841650671785
230048,77.22,73.85,9.39,12.44,12.5,3.08,87.12,-0.0131076356797657
192032,85.49,35.05,6.29,12.5,12.5,0.0,62.42,0.0
6625,17.13,40.44,40.44,83.97,100.0,0.0,19.6,0.0
23039,8.13,31.44,31.44,35.43,56.25,7.38,13.38,0.0
1600,0.01,9.27,0.06,7.08,100.0,0.0,99.1,0.0
2752,5.45,18.17,15.8,42.82,100.0,0.0,61.36,0.0
23713,64.87,38.91,38.91,83.19,100.0,0.0,58.67,0.6947967058454977
148128,84.33,58.79,40.36,12.24,12.5,0.04,25.53,0.2955127611640898
218912,64.31,51.19,26.2,12.45,12.5,0.73,92.98,0.0
150049,14.16,89.16,89.16,85.84,100.0,0.0,47.84,0.0
197536,9.73,91.07,91.07,88.04,100.0,0.0,35.59,0.0
197312,13.55,90.82,90.82,50.64,56.25,0.0,35.47,0.0
1632,0.01,11.15,0.03,5.7,100.0,0.0,99.56,0.0
158176,81.7,48.81,48.81,84.94,100.0,15.61,69.45,0.0
181760,67.47,61.12,61.12,86.19,100.0,11.11,50.51,0.0
147648,84.61,59.02,40.52,12.24,12.5,0.0,19.44,0.0
177312,76.08,85.93,33.45,23.39,25.0,0.0,69.71,0.0
23488,63.74,37.45,37.45,81.71,100.0,0.0,52.33,0.0
25280,64.82,38.29,38.29,80.64,100.0,0.0,53.62,0.0
82913,52.87,55.33,43.48,82.58,100.0,0.0,72.17,0.0
665697,78.52,75.32,9.14,12.49,12.5,7.25,87.25,0.0
599680,83.05,34.35,5.8,12.47,12.5,5.5,68.06,0.0
43904,12.06,50.19,50.19,51.06,56.25,7.18,10.01,0.0
1664,0.04,9.45,0.12,5.92,100.0,0.0,98.49,0.0
5184,8.79,31.45,31.45,72.03,100.0,0.0,54.27,0.0
27616,53.41,67.08,61.57,91.53,100.0,79.76,45.64,0.2703746620316725
45760,9.31,35.0,35.0,49.98,100.0,0.09,10.55,0.0111888111888111
20832,10.97,76.09,76.09,85.31,100.0,29.4,39.0,0.1213517665130568
1696,0.01,9.48,0.06,5.95,100.0,0.0,99.13,0.2830188679245283
1696,0.01,9.55,0.06,6.16,100.0,0.0,99.03,0.0943396226415094
16928,15.27,67.64,67.64,81.96,100.0,0.0,49.74,0.166351606805293
775872,86.11,67.33,7.73,12.45,12.5,11.54,89.48,-0.0911281050446304
780481,85.36,35.58,6.26,12.48,12.5,7.08,72.06,0.0
21824,8.13,31.42,31.42,33.98,56.25,7.42,11.58,0.0
1472,0.01,9.59,0.06,5.78,100.0,0.0,99.03,0.0
6016,9.59,35.31,35.31,68.85,100.0,0.0,53.89,0.0
96928,9.86,89.02,89.02,86.76,100.0,0.0,38.72,0.2941412499682555
99872,9.89,89.11,89.11,87.47,100.0,0.0,37.31,0.0438961871195129
99520,9.92,89.39,89.39,87.2,100.0,0.0,37.24,0.0549839228295819
68416,11.81,83.74,83.74,83.29,100.0,0.0,52.55,0.0266604303086997
67776,11.59,82.44,82.44,82.97,100.0,0.0,51.7,0.0
68864,11.54,81.92,81.92,83.39,100.0,0.0,52.5,0.0
69184,11.81,84.33,84.33,83.6,100.0,0.0,53.25,0.0
101088,9.88,89.2,89.2,87.84,100.0,0.0,36.56,0.0
99040,10.0,89.36,89.36,86.22,100.0,24.39,35.3,0.0
66912,11.6,82.53,82.53,84.88,100.0,0.0,52.97,0.0
100416,10.0,89.34,89.34,87.01,100.0,24.41,35.58,0.0
832929,80.81,63.5,30.52,12.45,12.5,10.36,61.46,0.0
780256,85.35,35.58,6.91,12.47,12.5,7.08,68.25,0.0
51328,11.94,59.26,59.26,51.9,56.25,5.51,7.67,0.0
2048,0.05,9.57,0.15,5.98,100.0,0.0,98.07,0.0
6368,9.65,35.55,35.55,71.59,100.0,0.0,53.56,0.0
28864,51.22,64.13,58.93,88.7,100.0,79.65,41.29,0.2067807336897943
45152,9.47,35.4,35.4,50.29,100.0,0.09,10.4,0.0269312544294826
20768,10.73,74.09,74.09,84.07,100.0,29.34,38.01,0.0585516178736517
1920,0.01,9.19,0.06,7.72,100.0,0.0,99.02,0.1166666666666667
1760,0.02,9.98,0.07,6.13,100.0,0.0,99.0,0.2181818181818182
17920,14.78,65.6,65.6,81.06,100.0,0.0,50.3,0.2536272321428572
230400,77.06,73.73,9.51,12.44,12.5,2.59,87.33,-0.0072254402406135
192032,85.34,34.97,6.28,12.47,12.5,0.0,64.64,0.0
6784,17.14,40.49,40.49,86.94,100.0,0.0,18.33,0.0
22529,7.96,30.74,30.74,35.93,56.25,7.4,13.28,0.0
1567,0.02,9.67,0.06,5.41,100.0,0.0,99.15,0.0
2720,5.39,17.97,15.58,38.18,100.0,0.0,60.76,0.0
23744,65.21,38.71,38.71,81.9,100.0,0.0,55.33,0.964498510427011
147808,84.57,58.96,40.47,12.22,12.5,0.0,23.83,0.3965249879735661
219232,64.58,51.41,26.31,12.44,12.5,1.12,93.0,0.0
151200,14.16,89.11,89.11,85.71,100.0,0.0,47.61,0.0
197696,9.78,91.58,91.58,87.62,100.0,0.0,35.72,0.0
196800,13.53,90.67,90.67,50.73,56.25,0.0,35.29,0.0
1632,0.01,10.82,0.03,5.77,100.0,0.0,99.51,0.0
157376,81.51,48.64,48.64,84.98,100.0,15.6,69.51,0.0
181728,67.54,61.26,61.26,86.23,100.0,11.11,50.54,0.0
147904,84.6,59.0,40.51,12.3,12.5,0.0,18.21,0.0
176960,76.05,85.91,33.44,23.38,25.0,0.0,69.72,0.0
24192,64.65,38.42,38.42,81.35,100.0,0.0,52.09,0.0
24800,64.7,38.41,38.41,81.03,100.0,0.0,54.78,0.0
84896,50.3,53.74,41.38,81.8,100.0,0.0,71.04,0.0
666113,78.51,75.31,9.26,12.42,12.5,5.01,83.57,0.0
598528,83.05,34.35,5.8,12.47,12.5,5.5,70.27,0.0
43936,11.95,49.61,49.61,51.95,56.25,7.22,10.49,0.0
1696,0.04,9.56,0.12,6.16,100.0,0.0,98.51,0.0
5184,8.62,30.85,30.85,66.35,100.0,0.0,53.46,0.0
27424,52.88,66.17,61.61,90.07,100.0,79.88,40.62,0.367561260210035
46720,9.53,35.62,35.62,49.97,100.0,0.09,11.06,0.0465753424657534
20864,10.8,75.03,75.03,82.61,100.0,29.46,37.88,0.1763803680981595
1984,0.01,9.44,0.06,6.52,100.0,0.0,99.04,0.5483870967741935
1888,0.01,9.6,0.06,7.16,100.0,0.0,99.08,-0.0169491525423728
17024,14.5,64.25,64.25,81.36,100.0,0.0,49.57,0.1748707706766917
775072,86.06,67.28,7.72,12.47,12.5,11.53,88.22,-0.1230203347536076
780513,85.28,35.55,6.24,12.48,12.5,7.08,71.12,0.0
22240,8.03,31.1,31.1,34.53,56.25,7.4,11.41,0.0
1568,0.01,9.34,0.06,5.99,100.0,0.0,99.1,0.0
6048,9.53,35.11,35.11,68.42,100.0,0.0,52.79,0.0
96672,9.93,89.54,89.54,87.1,100.0,0.0,38.15,0.1735925444962188
100032,9.94,89.42,89.42,85.29,100.0,0.0,37.45,0.0499040307101727
100736,10.07,90.64,90.64,87.63,100.0,0.0,37.02,0.0505082592121982
67264,11.59,82.59,82.59,83.87,100.0,0.0,52.94,0.0356803044719315
68960,11.75,83.61,83.61,82.49,100.0,0.0,52.49,0.0
67680,11.62,82.73,82.73,83.07,100.0,0.0,52.69,0.0
69056,11.69,83.24,83.24,85.44,100.0,0.0,53.1,0.0
100800,9.9,89.29,89.29,86.91,100.0,0.0,36.71,0.0
98976,10.03,89.63,89.63,87.47,100.0,23.44,35.09,0.0
68768,11.67,82.94,82.94,81.76,100.0,0.0,52.57,0.0
100256,10.06,89.85,89.85,87.2,100.0,24.45,35.76,0.0
832449,80.46,63.22,30.27,12.49,12.5,10.74,61.37,0.0
780640,85.37,35.59,6.98,12.44,12.5,7.08,70.06,0.0
51872,11.85,59.08,59.08,51.08,56.25,5.52,7.13,0.0
1728,0.05,9.77,0.15,7.06,100.0,0.0,98.31,0.0
6496,9.68,35.68,35.68,69.09,100.0,0.0,52.82,0.0
28128,51.92,64.98,60.1,86.66,100.0,79.55,39.73,0.6623157974260524
45504,9.53,35.62,35.62,49.13,100.0,0.09,10.22,0.0267229254571026
21728,11.02,76.56,76.56,83.51,100.0,29.38,37.79,0.1015740058910162
1888,0.02,9.83,0.06,7.84,100.0,0.0,99.15,0.746292372881356
1920,0.01,9.59,0.06,6.33,100.0,0.0,99.13,0.3166666666666667
16960,14.91,65.88,65.88,79.94,100.0,0.0,49.63,0.2169811320754717
230368,76.9,73.57,9.34,12.37,12.5,2.81,89.31,-0.0131999426365497
192192,85.48,35.04,6.28,12.5,12.5,0.0,63.8,0.0
6656,16.63,39.32,39.32,82.86,100.0,0.0,18.72,0.0
22145,8.09,31.27,31.27,37.41,56.25,7.39,13.73,0.0
1536,0.02,9.82,0.06,5.54,100.0,0.0,99.12,0.0
2848,5.52,18.35,15.96,39.34,100.0,0.0,61.76,0.0
23615,65.55,39.02,39.02,83.09,100.0,0.0,55.74,0.6858324511256969
147840,84.22,58.72,40.31,12.25,12.5,0.16,23.67,0.1064087427723791
218529,64.44,51.28,26.27,12.41,12.5,0.7,92.28,0.0
150016,14.18,89.19,89.19,85.71,100.0,0.0,47.74,0.0
197472,9.75,91.19,91.19,87.18,100.0,0.0,35.63,0.0
197472,13.53,90.76,90.76,50.6,56.25,0.0,35.64,0.0
1472,0.01,11.49,0.04,5.58,100.0,0.0,99.54,0.0
158144,81.63,48.68,48.68,85.02,100.0,15.6,69.41,0.0
180640,67.63,61.26,61.26,86.37,100.0,11.11,50.46,0.0
147488,84.67,59.05,40.56,12.25,12.5,0.0,19.07,0.0
177120,76.06,85.92,33.46,23.38,25.0,0.0,69.62,0.0
23296,64.24,38.07,38.07,82.4,100.0,0.0,52.49,0.0
24672,63.57,37.86,37.86,81.6,100.0,0.0,52.89,0.0
84064,52.43,55.73,43.15,82.79,100.0,0.0,71.66,0.0
665856,78.6,75.41,9.14,12.41,12.5,5.1,85.53,0.0
599168,82.97,34.32,5.79,12.46,12.5,5.5,71.06,0.0
43904,12.24,50.84,50.84,52.16,56.25,7.18,10.74,0.0
1824,0.04,9.89,0.12,6.71,100.0,0.0,98.59,0.0
5248,8.06,28.84,28.84,65.99,100.0,0.0,53.28,0.0
28704,52.25,65.39,60.63,88.93,100.0,79.65,40.06,-0.1417423156553591
46080,9.45,35.32,35.32,50.51,100.0,0.09,9.79,0.00625
20512,11.0,76.2,76.2,82.79,100.0,29.35,38.27,0.1107644305772231
1888,0.02,10.08,0.06,5.03,100.0,0.0,99.17,0.288135593220339
1728,0.01,9.3,0.06,6.14,100.0,0.0,99.1,0.5740740740740741
17920,14.8,65.61,65.61,80.36,100.0,0.0,49.84,0.2125
774689,86.09,67.3,7.73,12.46,12.5,12.06,88.88,0.0285240808462062
780672,85.31,35.56,6.24,12.47,12.5,7.08,71.91,0.0
22048,8.06,31.13,31.13,36.44,56.25,7.39,11.39,0.0
1728,0.01,9.59,0.06,5.98,100.0,0.0,99.08,0.0
5952,9.62,35.48,35.48,67.97,100.0,0.0,53.33,0.0
97024,10.04,90.61,90.61,87.22,100.0,0.0,37.69,-0.0768469656992084
99488,9.89,89.03,89.03,86.3,100.0,0.0,37.16,0.0360244451592151
99424,9.91,89.28,89.28,86.67,100.0,0.0,37.15,0.0653363373028645
66048,11.7,83.18,83.18,84.52,100.0,0.0,53.1,0.0508720930232558
69184,11.76,83.73,83.73,83.92,100.0,0.0,52.15,-0.0828200942196162
68928,11.63,82.89,82.89,84.52,100.0,0.0,52.6,0.0
67744,11.58,82.26,82.26,81.38,100.0,0.0,53.1,0.0
101120,9.94,89.77,89.77,87.46,100.0,0.0,36.57,0.0
98976,10.08,90.0,90.0,87.73,100.0,23.7,35.36,0.0
68353,11.69,83.1,83.1,81.83,100.0,0.0,53.53,0.0
100224,10.0,89.39,89.39,87.17,100.0,24.47,35.94,0.0
833664,80.75,63.45,29.98,12.5,12.5,10.69,59.81,0.0
780128,85.32,35.59,6.93,12.46,12.5,7.08,69.1,0.0
51968,11.62,57.84,57.84,52.03,56.25,5.51,7.3,0.0
1824,0.05,9.1,0.14,7.78,100.0,0.0,98.03,0.0
6400,9.83,36.08,36.08,74.76,100.0,0.0,52.33,0.0
28672,51.91,65.06,60.37,90.34,100.0,79.89,39.62,-0.6621791294642857
46688,9.31,34.86,34.86,50.35,100.0,0.09,8.19,0.0116518163125428
20480,10.69,73.75,73.75,82.13,100.0,29.34,37.87,0.046875
1952,0.02,9.97,0.07,6.18,100.0,0.0,99.14,0.1147540983606557
1792,0.02,9.87,0.06,6.0,100.0,0.0,99.1,0.0714285714285714
16832,14.96,66.35,66.35,81.26,100.0,0.0,48.51,0.2585551330798479
230529,76.92,73.59,9.26,12.39,12.5,2.78,89.39,-0.0285163359355082
192384,85.57,35.07,6.3,12.51,12.5,0.0,61.62,0.0
6624,16.75,39.55,39.55,84.84,100.0,0.0,17.3,0.0
22623,7.91,30.57,30.57,34.96,56.25,7.41,13.99,0.0
1536,0.02,9.89,0.06,5.8,100.0,0.0,99.0,0.0
2720,5.51,18.34,15.96,39.91,100.0,0.0,62.97,0.0
23840,64.0,37.77,37.77,81.57,100.0,0.0,54.85,0.0912751677852349
148288,84.58,58.97,40.5,12.26,12.5,0.0,25.08,0.4800666152406635
219711,64.45,51.27,26.28,12.46,12.5,0.77,93.05,0.0
149984,14.06,88.56,88.56,86.12,100.0,0.0,47.55,0.0
197664,9.74,91.12,91.12,87.25,100.0,0.0,35.79,0.0
196672,13.53,90.71,90.71,50.5,56.25,0.0,35.49,0.0
1664,0.01,11.17,0.04,5.11,100.0,0.0,99.45,0.0
158368,81.78,48.78,48.78,85.04,100.0,15.61,69.55,0.0
181344,67.45,61.07,61.07,86.25,100.0,11.11,50.37,0.0
147744,84.56,58.98,40.48,12.27,12.5,0.04,19.01,0.0
176543,75.71,85.51,33.28,23.38,25.0,0.0,69.88,0.0
23457,64.41,38.09,38.09,82.67,100.0,0.0,52.04,0.0
25183,64.51,38.39,38.39,82.34,100.0,0.0,54.76,0.0
81473,52.41,55.33,43.13,81.83,100.0,0.0,72.12,0.0
665888,78.56,75.37,9.09,12.44,12.5,7.36,85.6,0.0
599264,82.97,34.33,5.8,12.48,12.5,5.5,69.57,0.0
42720,11.81,49.06,49.06,49.98,56.25,7.18,10.52,0.0
1728,0.04,9.5,0.12,5.56,100.0,0.0,98.6,0.0
5312,8.8,31.46,31.46,67.35,100.0,0.0,53.71,0.0
26944,52.04,65.21,60.75,89.33,100.0,79.81,40.14,1.058194774346793
45824,9.43,35.26,35.26,51.12,100.0,0.09,9.15,0.020949720670391
20640,10.85,75.43,75.43,79.17,100.0,29.53,38.05,0.1147286821705426
1856,0.02,9.66,0.06,6.48,100.0,0.0,99.15,0.1379310344827586
1856,0.01,9.62,0.06,7.63,100.0,0.0,98.89,-0.0344827586206896
16864,14.7,64.77,64.77,79.69,100.0,0.0,50.0,0.2163187855787476
775009,86.12,67.33,7.72,12.45,12.5,12.2,89.26,0.0160399863077065
781440,85.21,35.52,6.17,12.47,12.5,7.08,71.9,0.0
21344,8.04,31.05,31.05,34.95,56.25,7.38,12.01,0.0
1600,0.02,10.01,0.07,5.22,100.0,0.0,99.15,0.0
6016,9.64,35.37,35.37,70.35,100.0,0.0,52.9,0.0
96800,9.96,89.57,89.57,87.31,100.0,0.0,38.13,0.0715230224321133
99872,10.06,90.64,90.64,86.23,100.0,0.0,37.08,0.0362063441204742
99648,10.05,90.63,90.63,87.14,100.0,0.0,36.99,0.0552344251766217
67584,11.66,83.22,83.22,83.76,100.0,0.0,52.62,0.0265151515151515
67136,11.71,83.51,83.51,84.87,100.0,0.0,51.94,0.0744293788759418
69280,11.61,82.49,82.49,82.98,100.0,0.0,52.69,0.0
69248,11.81,83.96,83.96,83.62,100.0,0.0,53.11,0.0
100608,9.9,89.43,89.43,85.76,100.0,0.0,36.69,0.0
98784,10.06,89.8,89.8,86.64,100.0,23.23,35.42,0.0
66816,11.81,83.83,83.83,83.96,100.0,0.0,53.16,0.0
99968,10.02,89.45,89.45,86.82,100.0,24.45,35.67,0.0
832993,80.55,63.28,30.82,12.48,12.5,10.39,59.43,0.0
780064,85.21,35.55,6.96,12.47,12.5,7.08,69.51,0.0
50848,11.73,58.29,58.29,51.54,56.25,5.53,7.02,0.0
1792,0.05,10.0,0.15,7.11,100.0,0.0,98.18,0.0
6400,9.52,34.94,34.94,71.96,100.0,0.0,52.44,0.0
28384,52.46,65.69,61.15,89.23,100.0,79.85,39.97,-0.1241544532130778
45440,9.43,35.24,35.24,49.57,100.0,0.09,9.7,0.0218309859154929
20512,10.87,75.61,75.61,81.89,100.0,29.47,38.34,0.0873634945397816
2048,0.01,9.32,0.06,5.1,100.0,0.0,99.21,0.125
1760,0.01,9.38,0.06,6.2,100.0,0.0,99.11,0.0545454545454545
17217,14.34,62.63,62.63,79.56,100.0,0.0,49.6,0.2917465295928443
230175,77.05,73.72,9.38,12.36,12.5,2.54,87.64,-0.0050256251954044
192224,85.51,35.05,6.29,12.51,12.5,0.0,61.46,0.0
6592,17.13,40.37,40.37,84.55,100.0,0.0,19.19,0.0
22689,8.0,30.99,30.99,35.87,56.25,7.38,13.32,0.0
1568,0.02,9.83,0.06,7.71,100.0,0.0,99.26,0.0
2720,5.4,18.11,15.65,39.25,100.0,0.0,62.0,0.0
23552,64.73,38.69,38.69,83.02,100.0,0.0,55.79,0.3601420056100981
147264,84.54,58.94,40.47,12.27,12.5,0.0,24.71,0.3975341087579177
219296,64.28,51.16,26.22,12.44,12.5,0.9,93.0,0.0
150656,14.15,89.11,89.11,86.77,100.0,0.0,47.53,0.0
197344,9.77,91.43,91.43,87.33,100.0,0.0,35.68,0.0
196864,13.54,90.69,90.69,50.87,56.25,0.0,35.48,0.0
1472,0.01,11.2,0.04,5.63,100.0,0.0,99.56,0.0
157376,81.63,48.72,48.72,84.78,100.0,15.59,69.43,0.0
181280,67.6,61.23,61.23,85.97,100.0,11.11,50.68,0.0
148128,84.65,59.05,40.55,12.31,12.5,0.0,19.53,0.0
176833,76.11,85.96,33.43,23.39,25.0,0.0,69.57,0.0
24031,63.49,37.4,37.4,82.84,100.0,0.0,52.11,0.0
24801,64.93,38.37,38.37,82.36,100.0,0.0,53.56,0.0
83167,51.7,55.57,42.53,82.23,100.0,0.0,70.17,0.0
665889,78.53,75.34,9.11,12.42,12.5,3.41,84.84,0.0
598592,83.03,34.34,5.8,12.48,12.5,5.5,68.68,0.0
42656,12.64,52.2,52.2,49.81,56.25,7.09,10.77,0.0
1728,0.04,9.78,0.12,6.18,100.0,0.0,98.56,0.0
5184,8.41,30.13,30.13,59.83,100.0,0.0,54.67,0.0
27392,52.48,65.66,61.13,86.96,100.0,79.93,41.04,0.7286214953271027
46304,9.4,35.15,35.15,49.23,100.0,0.09,9.14,-0.0062197650310988
20672,11.02,76.36,76.36,80.59,100.0,29.46,37.73,0.0959752321981424
1952,0.02,9.83,0.06,6.47,100.0,0.0,99.03,0.7377049180327869
1728,0.01,9.55,0.06,4.83,100.0,0.0,99.06,0.0925925925925925
16640,15.02,65.84,65.84,79.51,100.0,0.0,51.2,0.3385216346153846
775425,85.96,67.21,7.72,12.46,12.5,11.47,90.18,-0.008209441761224
780608,85.3,35.55,6.13,12.46,12.5,7.08,73.98,0.0
21760,7.95,30.75,30.75,35.06,56.25,7.4,11.92,0.0
1472,0.02,9.86,0.06,6.0,100.0,0.0,99.15,0.0
5952,9.74,35.85,35.85,68.52,100.0,0.0,53.55,0.0
96352,9.89,89.05,89.05,87.73,100.0,0.0,38.07,0.2181132947309142
100512,9.83,88.58,88.58,87.02,100.0,0.0,37.03,0.0391595033428844
99776,9.91,89.23,89.23,87.62,100.0,0.0,37.48,0.0711994868505452
67808,11.55,82.19,82.19,83.27,100.0,0.0,52.43,-0.0009578678413857
69152,11.5,82.0,82.0,82.33,100.0,0.0,52.04,0.0
67488,11.64,82.67,82.67,84.33,100.0,0.0,52.08,0.0
69184,11.6,82.33,82.33,84.35,100.0,0.0,52.88,0.0
100832,9.89,89.11,89.11,86.54,100.0,0.0,36.66,0.0
98848,9.98,89.22,89.22,86.8,100.0,22.08,35.12,0.0
68641,11.65,82.93,82.93,81.94,100.0,0.0,53.09,0.0
100096,9.99,89.27,89.27,88.46,100.0,23.4,35.52,0.0
830752,80.92,63.58,30.56,12.49,12.5,10.23,60.14,0.0
781088,85.37,35.59,6.85,12.47,12.5,7.08,70.43,0.0
51617,11.75,58.52,58.52,51.47,56.25,5.44,7.37,0.0
1664,0.05,9.83,0.15,6.18,100.0,0.0,98.31,0.0
6431,9.85,36.25,36.25,67.71,100.0,0.0,52.68,0.0
28192,53.21,66.58,61.76,89.53,100.0,79.73,39.88,-0.2344226058904355
45376,9.35,35.06,35.06,50.02,100.0,0.09,8.64,0.0133991537376586
20865,10.8,74.95,74.95,81.24,100.0,29.3,37.56,0.0183560987299305
1920,0.01,9.54,0.06,5.69,100.0,0.0,99.15,0.1666666666666667
1664,0.02,10.09,0.07,6.13,100.0,0.0,99.12,0.1538461538461539
16896,14.52,62.42,62.42,80.81,100.0,0.0,49.69,0.3352272727272727
229793,77.01,73.67,9.24,12.39,12.5,2.8,87.76,-0.0099143311695265
192320,85.54,35.06,6.29,12.48,12.5,0.0,65.16,0.0
6656,17.0,40.12,40.12,82.22,100.0,0.0,18.9,0.0
22463,7.93,30.65,30.65,35.94,56.25,7.4,13.63,0.0
1664,0.01,9.17,0.06,5.23,100.0,0.0,99.08,0.0
2688,5.43,18.25,15.78,39.81,100.0,0.0,62.21,0.0
24000,64.56,37.93,37.93,82.23,100.0,0.0,55.85,0.0589803921568627
147616,84.47,58.89,40.43,12.23,12.5,0.0,24.37,0.4761828362927615
220480,64.45,51.32,26.27,12.44,12.5,0.93,92.44,0.0
150624,14.07,88.67,88.67,86.16,100.0,0.0,47.39,0.0
197600,9.78,91.62,91.62,87.63,100.0,0.0,35.55,0.0
197024,13.52,90.65,90.65,51.2,56.25,0.0,35.48,0.0
1664,0.01,10.85,0.03,5.78,100.0,0.0,99.56,0.0
158208,81.37,48.57,48.57,84.72,100.0,15.59,69.55,0.0
180768,67.4,61.07,61.07,86.0,100.0,11.11,50.44,0.0
148257,84.63,59.04,40.5,12.27,12.5,0.0,18.92,0.0
176703,76.03,85.86,33.39,23.39,25.0,0.0,69.61,0.0
23681,64.58,38.0,38.0,81.9,100.0,0.0,53.32,0.0
24639,63.79,38.17,38.17,81.66,100.0,0.0,53.72,0.0
82849,52.81,55.97,43.4,82.84,100.0,0.0,71.9,0.0
666048,78.57,75.36,9.14,12.42,12.5,4.7,83.46,0.0
600000,82.93,34.3,5.77,12.47,12.5,5.5,69.54,0.0
44832,12.25,50.84,50.84,51.46,56.25,7.19,10.73,0.0
1696,0.04,9.69,0.12,6.22,100.0,0.0,98.4,0.0
5248,8.89,31.82,31.75,65.61,100.0,0.0,54.72,0.0
28224,51.96,65.09,60.56,90.3,100.0,79.42,40.39,0.0442593038687395
45696,9.57,35.79,35.79,49.38,100.0,0.09,7.74,0.0140056022408963
20384,11.0,76.3,76.3,83.07,100.0,29.47,38.38,0.1710655416012559
1856,0.01,9.1,0.06,6.3,100.0,0.0,99.16,0.0517241379310344
2112,0.02,9.9,0.06,6.89,100.0,0.0,99.1,-0.0909090909090909
17120,14.97,65.27,65.27,80.79,100.0,0.0,49.9,0.1963200934579439
9056,10.47,54.83,54.83,35.41,56.25,12.1,21.2,0.1696113074204947
2272,8.08,23.58,0.03,50.44,100.0,0.0,99.21,-0.0004401408450704
15456,3.83,3.46,3.46,50.0,100.0,32.65,48.93,0.0
2528,6.04,20.59,18.87,50.78,100.0,0.0,59.11,0.0
1408,0.58,11.02,0.03,3.0,100.0,0.0,98.02,0.0
3968,22.09,10.94,0.41,37.5,43.75,0.0,92.09,0.0161290322580645
1792,0.14,9.12,0.18,12.92,100.0,50.0,97.49,0.0178571428571428
8224,0.7,3.42,0.48,18.84,18.75,8.18,88.02,-0.0038910505836575
7328,0.75,3.45,0.51,18.46,18.75,8.16,86.89,0.0087336244541484
6688,0.49,3.66,0.55,18.65,18.75,1.11,86.45,0.1293361244019139
6368,0.48,3.6,0.54,18.67,18.75,1.11,86.24,-0.0301507537688442
6496,0.5,3.74,0.56,18.22,18.75,1.11,86.31,0.0
6369,0.5,3.78,0.57,18.33,18.75,1.11,86.73,0.0
6624,0.47,3.54,0.53,17.98,18.75,1.11,86.63,0.0
6368,0.49,3.66,0.55,19.12,18.75,1.11,86.22,0.0
46720,23.71,79.87,79.87,11.84,100.0,0.0,99.69,0.0
2016,0.01,10.39,0.03,7.44,100.0,0.0,99.5,0.0
3808,0.34,5.79,0.53,2.74,62.5,3.65,89.69,0.0
1984,0.32,8.43,0.09,2.95,50.0,36.07,98.73,0.0
1728,0.01,10.1,0.03,6.07,100.0,0.0,99.58,0.0
3296,0.25,6.62,0.52,5.98,75.0,0.11,92.1,0.0
1568,0.0,8.46,0.02,1.51,50.0,0.0,99.49,0.0
2016,0.29,7.8,0.2,2.79,50.0,19.97,96.92,0.0
34880,48.4,21.35,21.35,58.45,75.0,33.95,18.2,0.0
22657,47.46,16.06,4.22,57.06,75.0,57.27,52.54,0.0
98560,11.44,85.18,85.18,83.61,100.0,0.0,55.06,0.0
